absolute_path,relative_path,data_type,label,confidence,human_verified,bbox_left,bbox_top,bbox_right,bbox_bottom,file_height,file_width,DateTimeOriginal,DateTime,DateTimeDigitized,Latitude,Longitude,GPSLink,Altitude,Make,Model,Flash,ExifOffset,ResolutionUnit,YCbCrPositioning,XResolution,YResolution,ExifVersion,ComponentsConfiguration,FlashPixVersion,ColorSpace,ExifImageWidth,ISOSpeedRatings,ExifImageHeight,ExposureMode,WhiteBalance,SceneCaptureType,ExposureTime,Software,Sharpness,Saturation,ReferenceBlackWhite
/Users/peter/Downloads/medium,1014.jpg,img,eastern chipmunk,0.9872877597808838,False,1438,1245,1896,1414,1536,2048,NA,NA,NA,NA,NA,NA,NA,None,None,NA,None,None,None,None,None,None,None,None,None,None,NA,None,NA,NA,NA,NA,NA,NA,NA,NA
/Users/peter/Downloads/medium,1029.jpg,img,eastern chipmunk,0.9849061369895935,False,1169,1285,1433,1503,1536,2048,NA,NA,NA,NA,NA,NA,NA,None,None,NA,None,None,None,None,None,None,None,None,None,None,NA,None,NA,NA,NA,NA,NA,NA,NA,NA
/Users/peter/Downloads/medium,112.jpg,img,eastern gray squirrel,0.9366100430488586,False,154,693,406,803,1536,2048,NA,NA,NA,NA,NA,NA,NA,None,None,NA,None,None,None,None,None,None,None,None,None,None,NA,None,NA,NA,NA,NA,NA,NA,NA,NA
/Users/peter/Downloads/medium,1194.jpg,img,woodchuck,0.9975593090057373,False,136,1281,633,1503,1536,2048,NA,NA,NA,NA,NA,NA,NA,None,None,NA,None,None,None,None,None,None,None,None,None,None,NA,None,NA,NA,NA,NA,NA,NA,NA,NA
/Users/peter/Downloads/medium,1199.jpg,img,woodchuck,0.9923019409179688,False,657,1111,1040,1331,1536,2048,NA,NA,NA,NA,NA,NA,NA,None,None,NA,None,None,None,None,None,None,None,None,None,None,NA,None,NA,NA,NA,NA,NA,NA,NA,NA
/Users/peter/Downloads/medium,1199.jpg,img,woodchuck,0.9923019409179688,False,1780,671,1935,742,1536,2048,NA,NA,NA,NA,NA,NA,NA,None,None,NA,None,None,None,None,None,None,None,None,None,None,NA,None,NA,NA,NA,NA,NA,NA,NA,NA
/Users/peter/Downloads/medium,1215.jpg,img,woodchuck,0.9987155199050903,False,0,1143,249,1504,1536,2048,NA,NA,NA,NA,NA,NA,NA,None,None,NA,None,None,None,None,None,None,None,None,None,None,NA,None,NA,NA,NA,NA,NA,NA,NA,NA
/Users/peter/Downloads/medium,1221.jpg,img,woodchuck,0.9972400665283203,False,1547,1020,2048,1398,1536,2048,NA,NA,NA,NA,NA,NA,NA,None,None,NA,None,None,None,None,None,None,None,None,None,None,NA,None,NA,NA,NA,NA,NA,NA,NA,NA
/Users/peter/Downloads/medium,1230.jpg,img,woodchuck,0.9988211393356323,False,500,1181,722,1494,1536,2048,NA,NA,NA,NA,NA,NA,NA,None,None,NA,None,None,None,None,None,None,None,None,None,None,NA,None,NA,NA,NA,NA,NA,NA,NA,NA
/Users/peter/Downloads/medium,1241.jpg,img,sciuridae family,0.9378164149820805,False,1099,1041,1225,1189,1536,2048,NA,NA,NA,NA,NA,NA,NA,None,None,NA,None,None,None,None,None,None,None,None,None,None,NA,None,NA,NA,NA,NA,NA,NA,NA,NA
/Users/peter/Downloads/medium,1254.jpg,img,woodchuck,0.9308133721351624,False,251,1044,421,1279,1536,2048,NA,NA,NA,NA,NA,NA,NA,None,None,NA,None,None,None,None,None,None,None,None,None,None,NA,None,NA,NA,NA,NA,NA,NA,NA,NA
/Users/peter/Downloads/medium,1258.jpg,img,woodchuck,0.8590062260627747,False,186,1133,493,1303,1536,2048,NA,NA,NA,NA,NA,NA,NA,None,None,NA,None,None,None,None,None,None,None,None,None,None,NA,None,NA,NA,NA,NA,NA,NA,NA,NA
/Users/peter/Downloads/medium,1267.jpg,img,woodchuck,0.9326171875,False,1493,1080,1729,1237,1536,2048,NA,NA,NA,NA,NA,NA,NA,None,None,NA,None,None,None,None,None,None,None,None,None,None,NA,None,NA,NA,NA,NA,NA,NA,NA,NA
/Users/peter/Downloads/medium,1274.jpg,img,woodchuck,0.9650844931602478,False,1628,1058,1867,1208,1536,2048,NA,NA,NA,NA,NA,NA,NA,None,None,NA,None,None,None,None,None,None,None,None,None,None,NA,None,NA,NA,NA,NA,NA,NA,NA,NA
/Users/peter/Downloads/medium,1281.jpg,img,woodchuck,0.992289125919342,False,1605,1111,1855,1276,1536,2048,NA,NA,NA,NA,NA,NA,NA,None,None,NA,None,None,None,None,None,None,None,None,None,None,NA,None,NA,NA,NA,NA,NA,NA,NA,NA
/Users/peter/Downloads/medium,1297.jpg,img,woodchuck,0.9576914310455322,False,1484,535,1576,648,1536,2048,NA,NA,NA,NA,NA,NA,NA,None,None,NA,None,None,None,None,None,None,None,None,None,None,NA,None,NA,NA,NA,NA,NA,NA,NA,NA
/Users/peter/Downloads/medium,1302.jpg,img,woodchuck,0.9767608642578125,False,860,691,1182,937,1536,2048,NA,NA,NA,NA,NA,NA,NA,None,None,NA,None,None,None,None,None,None,None,None,None,None,NA,None,NA,NA,NA,NA,NA,NA,NA,NA
/Users/peter/Downloads/medium,1304.jpg,img,woodchuck,0.9733415842056274,False,861,691,1181,937,1536,2048,NA,NA,NA,NA,NA,NA,NA,None,None,NA,None,None,None,None,None,None,None,None,None,None,NA,None,NA,NA,NA,NA,NA,NA,NA,NA
/Users/peter/Downloads/medium,1316.jpg,img,woodchuck,0.9912734627723694,False,0,745,344,991,1536,2048,NA,NA,NA,NA,NA,NA,NA,None,None,NA,None,None,None,None,None,None,None,None,None,None,NA,None,NA,NA,NA,NA,NA,NA,NA,NA
/Users/peter/Downloads/medium,1328.jpg,img,woodchuck,0.68865567445755,False,814,854,1014,1014,1536,2048,NA,NA,NA,NA,NA,NA,NA,None,None,NA,None,None,None,None,None,None,None,None,None,None,NA,None,NA,NA,NA,NA,NA,NA,NA,NA
/Users/peter/Downloads/medium,1335.jpg,img,animal,0.7167096734046936,False,981,994,1099,1085,1536,2048,NA,NA,NA,NA,NA,NA,NA,None,None,NA,None,None,None,None,None,None,None,None,None,None,NA,None,NA,NA,NA,NA,NA,NA,NA,NA
/Users/peter/Downloads/medium,1352.jpg,img,woodchuck,0.9979715943336487,False,428,1096,896,1502,1536,2048,NA,NA,NA,NA,NA,NA,NA,None,None,NA,None,None,None,None,None,None,None,None,None,None,NA,None,NA,NA,NA,NA,NA,NA,NA,NA
/Users/peter/Downloads/medium,1355.jpg,img,woodchuck,0.9888713955879211,False,1,959,444,1504,1536,2048,NA,NA,NA,NA,NA,NA,NA,None,None,NA,None,None,None,None,None,None,None,None,None,None,NA,None,NA,NA,NA,NA,NA,NA,NA,NA
/Users/peter/Downloads/medium,136.jpg,img,eastern gray squirrel,0.9983173608779907,False,1359,1132,1868,1341,1536,2048,NA,NA,NA,NA,NA,NA,NA,None,None,NA,None,None,None,None,None,None,None,None,None,None,NA,None,NA,NA,NA,NA,NA,NA,NA,NA
/Users/peter/Downloads/medium,1368.jpg,img,woodchuck,0.9681205749511719,False,1303,1244,2048,1504,1536,2048,NA,NA,NA,NA,NA,NA,NA,None,None,NA,None,None,None,None,None,None,None,None,None,None,NA,None,NA,NA,NA,NA,NA,NA,NA,NA
/Users/peter/Downloads/medium,1376.jpg,img,woodchuck,0.9978203773498535,False,393,839,1019,1505,1536,2048,NA,NA,NA,NA,NA,NA,NA,None,None,NA,None,None,None,None,None,None,None,None,None,None,NA,None,NA,NA,NA,NA,NA,NA,NA,NA
/Users/peter/Downloads/medium,1390.jpg,img,woodchuck,0.9942232966423035,False,715,1084,926,1368,1536,2048,NA,NA,NA,NA,NA,NA,NA,None,None,NA,None,None,None,None,None,None,None,None,None,None,NA,None,NA,NA,NA,NA,NA,NA,NA,NA
/Users/peter/Downloads/medium,1393.jpg,img,woodchuck,0.9906835556030273,False,1822,780,2048,1033,1536,2048,NA,NA,NA,NA,NA,NA,NA,None,None,NA,None,None,None,None,None,None,None,None,None,None,NA,None,NA,NA,NA,NA,NA,NA,NA,NA
/Users/peter/Downloads/medium,1399.jpg,img,wild turkey,0.9972736239433289,False,537,692,1097,1352,1536,2048,NA,NA,NA,NA,NA,NA,NA,None,None,NA,None,None,None,None,None,None,None,None,None,None,NA,None,NA,NA,NA,NA,NA,NA,NA,NA
/Users/peter/Downloads/medium,1421.jpg,img,wild turkey,0.9980015158653259,False,595,855,1277,1216,1536,2048,NA,NA,NA,NA,NA,NA,NA,None,None,NA,None,None,None,None,None,None,None,None,None,None,NA,None,NA,NA,NA,NA,NA,NA,NA,NA
/Users/peter/Downloads/medium,1460.jpg,img,wild turkey,0.9943548440933228,False,387,659,1138,1022,1536,2048,NA,NA,NA,NA,NA,NA,NA,None,None,NA,None,None,None,None,None,None,None,None,None,None,NA,None,NA,NA,NA,NA,NA,NA,NA,NA
/Users/peter/Downloads/medium,1480.jpg,img,wild turkey,0.9740296602249146,False,467,1101,924,1339,1536,2048,NA,NA,NA,NA,NA,NA,NA,None,None,NA,None,None,None,None,None,None,None,None,None,None,NA,None,NA,NA,NA,NA,NA,NA,NA,NA
/Users/peter/Downloads/medium,1480.jpg,img,wild turkey,0.9740296602249146,False,1485,1021,1828,1197,1536,2048,NA,NA,NA,NA,NA,NA,NA,None,None,NA,None,None,None,None,None,None,None,None,None,None,NA,None,NA,NA,NA,NA,NA,NA,NA,NA
/Users/peter/Downloads/medium,1497.jpg,img,wild turkey,0.9726887941360474,False,354,687,642,858,1536,2048,NA,NA,NA,NA,NA,NA,NA,None,None,NA,None,None,None,None,None,None,None,None,None,None,NA,None,NA,NA,NA,NA,NA,NA,NA,NA
/Users/peter/Downloads/medium,1529.jpg,img,wild turkey,0.9985182881355286,False,354,467,744,880,1536,2048,NA,NA,NA,NA,NA,NA,NA,None,None,NA,None,None,None,None,None,None,None,None,None,None,NA,None,NA,NA,NA,NA,NA,NA,NA,NA
/Users/peter/Downloads/medium,1683.jpg,img,white-tailed deer,0.9978951811790466,False,41,615,640,1050,1536,2048,NA,NA,NA,NA,NA,NA,NA,None,None,NA,None,None,None,None,None,None,None,None,None,None,NA,None,NA,NA,NA,NA,NA,NA,NA,NA
/Users/peter/Downloads/medium,1727.jpg,img,white-tailed deer,0.9973406195640564,False,724,741,1001,950,1536,2048,NA,NA,NA,NA,NA,NA,NA,None,None,NA,None,None,None,None,None,None,None,None,None,None,NA,None,NA,NA,NA,NA,NA,NA,NA,NA
/Users/peter/Downloads/medium,1756.jpg,img,white-tailed deer,0.9986674785614014,False,607,576,1436,1429,1536,2048,NA,NA,NA,NA,NA,NA,NA,None,None,NA,None,None,None,None,None,None,None,None,None,None,NA,None,NA,NA,NA,NA,NA,NA,NA,NA
/Users/peter/Downloads/medium,1778.jpg,img,white-tailed deer,0.9986440539360046,False,946,838,1603,1504,1536,2048,NA,NA,NA,NA,NA,NA,NA,None,None,NA,None,None,None,None,None,None,None,None,None,None,NA,None,NA,NA,NA,NA,NA,NA,NA,NA
/Users/peter/Downloads/medium,1805.jpg,img,white-tailed deer,0.9871007204055786,False,0,412,1041,1434,1536,2048,NA,NA,NA,NA,NA,NA,NA,None,None,NA,None,None,None,None,None,None,None,None,None,None,NA,None,NA,NA,NA,NA,NA,NA,NA,NA
/Users/peter/Downloads/medium,1849.jpg,img,white-tailed deer,0.9983186721801758,False,1492,738,1659,1071,1536,2048,NA,NA,NA,NA,NA,NA,NA,None,None,NA,None,None,None,None,None,None,None,None,None,None,NA,None,NA,NA,NA,NA,NA,NA,NA,NA
/Users/peter/Downloads/medium,1874.jpg,img,white-tailed deer,0.9868255257606506,False,1546,647,1884,1117,1536,2048,NA,NA,NA,NA,NA,NA,NA,None,None,NA,None,None,None,None,None,None,None,None,None,None,NA,None,NA,NA,NA,NA,NA,NA,NA,NA
/Users/peter/Downloads/medium,1925.jpg,img,white-tailed deer,0.9902921319007874,False,1346,693,1776,913,1536,2048,NA,NA,NA,NA,NA,NA,NA,None,None,NA,None,None,None,None,None,None,None,None,None,None,NA,None,NA,NA,NA,NA,NA,NA,NA,NA
/Users/peter/Downloads/medium,1942.jpg,img,virginia opossum,0.9985992312431335,False,0,589,160,910,1080,1920,NA,NA,NA,NA,NA,NA,NA,None,None,NA,None,None,None,None,None,None,None,None,None,None,NA,None,NA,NA,NA,NA,NA,NA,NA,NA
/Users/peter/Downloads/medium,1954.jpg,img,virginia opossum,0.9994935989379883,False,1323,451,1727,813,1080,1920,NA,NA,NA,NA,NA,NA,NA,None,None,NA,None,None,None,None,None,None,None,None,None,None,NA,None,NA,NA,NA,NA,NA,NA,NA,NA
/Users/peter/Downloads/medium,1986.jpg,img,virginia opossum,0.9991781115531921,False,461,500,1017,845,1080,1920,NA,NA,NA,NA,NA,NA,NA,None,None,NA,None,None,None,None,None,None,None,None,None,None,NA,None,NA,NA,NA,NA,NA,NA,NA,NA
/Users/peter/Downloads/medium,2005.jpg,img,virginia opossum,0.9926722049713135,False,84,343,321,780,1080,1920,NA,NA,NA,NA,NA,NA,NA,None,None,NA,None,None,None,None,None,None,None,None,None,None,NA,None,NA,NA,NA,NA,NA,NA,NA,NA
/Users/peter/Downloads/medium,203.jpg,img,eastern gray squirrel,0.9630300402641296,False,665,953,832,1046,1080,1920,NA,NA,NA,NA,NA,NA,NA,None,None,NA,None,None,None,None,None,None,None,None,None,None,NA,None,NA,NA,NA,NA,NA,NA,NA,NA
/Users/peter/Downloads/medium,2050.jpg,img,virginia opossum,0.9990326166152954,False,1100,513,1478,1025,1080,1920,NA,NA,NA,NA,NA,NA,NA,None,None,NA,None,None,None,None,None,None,None,None,None,None,NA,None,NA,NA,NA,NA,NA,NA,NA,NA
/Users/peter/Downloads/medium,2072.jpg,img,eastern cottontail,0.8691367506980896,False,754,543,1075,758,1080,1920,NA,NA,NA,NA,NA,NA,NA,None,None,NA,None,None,None,None,None,None,None,None,None,None,NA,None,NA,NA,NA,NA,NA,NA,NA,NA
/Users/peter/Downloads/medium,2087.jpg,img,virginia opossum,0.9993294477462769,False,1198,511,1694,981,1080,1920,NA,NA,NA,NA,NA,NA,NA,None,None,NA,None,None,None,None,None,None,None,None,None,None,NA,None,NA,NA,NA,NA,NA,NA,NA,NA
/Users/peter/Downloads/medium,2097.jpg,img,eastern cottontail,0.8999283313751221,False,542,315,782,507,1080,1920,NA,NA,NA,NA,NA,NA,NA,None,None,NA,None,None,None,None,None,None,None,None,None,None,NA,None,NA,NA,NA,NA,NA,NA,NA,NA
/Users/peter/Downloads/medium,2097.jpg,img,eastern cottontail,0.8999283313751221,False,1069,465,1856,814,1080,1920,NA,NA,NA,NA,NA,NA,NA,None,None,NA,None,None,None,None,None,None,None,None,None,None,NA,None,NA,NA,NA,NA,NA,NA,NA,NA
/Users/peter/Downloads/medium,2100.jpg,img,virginia opossum,0.9991872906684875,False,768,668,1589,1047,1080,1920,NA,NA,NA,NA,NA,NA,NA,None,None,NA,None,None,None,None,None,None,None,None,None,None,NA,None,NA,NA,NA,NA,NA,NA,NA,NA
/Users/peter/Downloads/medium,2143.jpg,img,virginia opossum,0.9991641044616699,False,322,317,722,540,1080,1920,NA,NA,NA,NA,NA,NA,NA,None,None,NA,None,None,None,None,None,None,None,None,None,None,NA,None,NA,NA,NA,NA,NA,NA,NA,NA
/Users/peter/Downloads/medium,2159.jpg,img,virginia opossum,0.9982867240905762,False,1364,376,1897,661,1080,1920,NA,NA,NA,NA,NA,NA,NA,None,None,NA,None,None,None,None,None,None,None,None,None,None,NA,None,NA,NA,NA,NA,NA,NA,NA,NA
/Users/peter/Downloads/medium,2181.jpg,img,virginia opossum,0.9975637197494507,False,359,291,806,486,1080,1920,NA,NA,NA,NA,NA,NA,NA,None,None,NA,None,None,None,None,None,None,None,None,None,None,NA,None,NA,NA,NA,NA,NA,NA,NA,NA
/Users/peter/Downloads/medium,2216.jpg,img,virginia opossum,0.9997536540031433,False,498,324,792,588,1080,1920,NA,NA,NA,NA,NA,NA,NA,None,None,NA,None,None,None,None,None,None,None,None,None,None,NA,None,NA,NA,NA,NA,NA,NA,NA,NA
/Users/peter/Downloads/medium,2258.jpg,img,virginia opossum,0.9995166063308716,False,1126,442,1685,798,1080,1920,NA,NA,NA,NA,NA,NA,NA,None,None,NA,None,None,None,None,None,None,None,None,None,None,NA,None,NA,NA,NA,NA,NA,NA,NA,NA
/Users/peter/Downloads/medium,2296.jpg,img,virginia opossum,0.9993523955345154,False,111,733,1638,1048,1080,1920,NA,NA,NA,NA,NA,NA,NA,None,None,NA,None,None,None,None,None,None,None,None,None,None,NA,None,NA,NA,NA,NA,NA,NA,NA,NA
/Users/peter/Downloads/medium,2328.jpg,img,virginia opossum,0.9928184747695923,False,1184,592,1542,1047,1080,1920,NA,NA,NA,NA,NA,NA,NA,None,None,NA,None,None,None,None,None,None,None,None,None,None,NA,None,NA,NA,NA,NA,NA,NA,NA,NA
/Users/peter/Downloads/medium,235.jpg,img,eastern gray squirrel,0.9890377521514893,False,35,867,174,1020,1080,1920,NA,NA,NA,NA,NA,NA,NA,None,None,NA,None,None,None,None,None,None,None,None,None,None,NA,None,NA,NA,NA,NA,NA,NA,NA,NA
/Users/peter/Downloads/medium,2374.jpg,img,virginia opossum,0.9989596605300903,False,527,364,979,688,1080,1920,NA,NA,NA,NA,NA,NA,NA,None,None,NA,None,None,None,None,None,None,None,None,None,None,NA,None,NA,NA,NA,NA,NA,NA,NA,NA
/Users/peter/Downloads/medium,2402.jpg,img,virginia opossum,0.9988879561424255,False,1240,460,1622,847,1080,1920,NA,NA,NA,NA,NA,NA,NA,None,None,NA,None,None,None,None,None,None,None,None,None,None,NA,None,NA,NA,NA,NA,NA,NA,NA,NA
/Users/peter/Downloads/medium,2428.jpg,img,virginia opossum,0.9990849494934082,False,758,352,1059,566,1080,1920,NA,NA,NA,NA,NA,NA,NA,None,None,NA,None,None,None,None,None,None,None,None,None,None,NA,None,NA,NA,NA,NA,NA,NA,NA,NA
/Users/peter/Downloads/medium,2469.jpg,img,virginia opossum,0.9978997707366943,False,1270,572,1920,1047,1080,1920,NA,NA,NA,NA,NA,NA,NA,None,None,NA,None,None,None,None,None,None,None,None,None,None,NA,None,NA,NA,NA,NA,NA,NA,NA,NA
/Users/peter/Downloads/medium,2499.jpg,img,virginia opossum,0.9978708028793335,False,248,863,723,1047,1080,1920,NA,NA,NA,NA,NA,NA,NA,None,None,NA,None,None,None,None,None,None,None,None,None,None,NA,None,NA,NA,NA,NA,NA,NA,NA,NA
/Users/peter/Downloads/medium,2539.jpg,img,virginia opossum,0.9993261098861694,False,1178,568,1496,1038,1080,1920,NA,NA,NA,NA,NA,NA,NA,None,None,NA,None,None,None,None,None,None,None,None,None,None,NA,None,NA,NA,NA,NA,NA,NA,NA,NA
/Users/peter/Downloads/medium,2600.jpg,img,virginia opossum,0.997044026851654,False,0,735,664,1048,1080,1920,NA,NA,NA,NA,NA,NA,NA,None,None,NA,None,None,None,None,None,None,None,None,None,None,NA,None,NA,NA,NA,NA,NA,NA,NA,NA
/Users/peter/Downloads/medium,261.jpg,img,eastern gray squirrel,0.9789188504219055,False,1061,546,1261,660,1080,1920,NA,NA,NA,NA,NA,NA,NA,None,None,NA,None,None,None,None,None,None,None,None,None,None,NA,None,NA,NA,NA,NA,NA,NA,NA,NA
/Users/peter/Downloads/medium,2635.jpg,img,virginia opossum,0.9981569647789001,False,1015,516,1844,875,1080,1920,NA,NA,NA,NA,NA,NA,NA,None,None,NA,None,None,None,None,None,None,None,None,None,None,NA,None,NA,NA,NA,NA,NA,NA,NA,NA
/Users/peter/Downloads/medium,2683.jpg,img,vehicle,0.9706794023513794,False,1,0,1345,1170,1536,2048,NA,NA,NA,NA,NA,NA,NA,None,None,NA,None,None,None,None,None,None,None,None,None,None,NA,None,NA,NA,NA,NA,NA,NA,NA,NA
/Users/peter/Downloads/medium,2724.jpg,img,vehicle,0.8463307619094849,False,1217,730,1516,1190,1536,2048,NA,NA,NA,NA,NA,NA,NA,None,None,NA,None,None,None,None,None,None,None,None,None,None,NA,None,NA,NA,NA,NA,NA,NA,NA,NA
/Users/peter/Downloads/medium,2784.jpg,img,vehicle,0.9062625169754028,False,1280,874,1523,1190,1536,2048,NA,NA,NA,NA,NA,NA,NA,None,None,NA,None,None,None,None,None,None,None,None,None,None,NA,None,NA,NA,NA,NA,NA,NA,NA,NA
/Users/peter/Downloads/medium,2784.jpg,img,human,0.37648698687553406,False,1352,926,1428,990,1536,2048,NA,NA,NA,NA,NA,NA,NA,None,None,NA,None,None,None,None,None,None,None,None,None,None,NA,None,NA,NA,NA,NA,NA,NA,NA,NA
/Users/peter/Downloads/medium,2845.jpg,img,vehicle,0.8107932806015015,False,1,365,1706,1123,1536,2048,NA,NA,NA,NA,NA,NA,NA,None,None,NA,None,None,None,None,None,None,None,None,None,None,NA,None,NA,NA,NA,NA,NA,NA,NA,NA
/Users/peter/Downloads/medium,2888.jpg,img,vehicle,0.5778942108154297,False,0,222,389,684,1536,2048,NA,NA,NA,NA,NA,NA,NA,None,None,NA,None,None,None,None,None,None,None,None,None,None,NA,None,NA,NA,NA,NA,NA,NA,NA,NA
/Users/peter/Downloads/medium,2888.jpg,img,human,0.32397791743278503,False,172,326,275,472,1536,2048,NA,NA,NA,NA,NA,NA,NA,None,None,NA,None,None,None,None,None,None,None,None,None,None,NA,None,NA,NA,NA,NA,NA,NA,NA,NA
/Users/peter/Downloads/medium,291.jpg,img,eastern gray squirrel,0.988731324672699,False,775,892,981,1019,1080,1920,NA,NA,NA,NA,NA,NA,NA,None,None,NA,None,None,None,None,None,None,None,None,None,None,NA,None,NA,NA,NA,NA,NA,NA,NA,NA
/Users/peter/Downloads/medium,291.jpg,img,eastern gray squirrel,0.988731324672699,False,1225,1007,1331,1050,1080,1920,NA,NA,NA,NA,NA,NA,NA,None,None,NA,None,None,None,None,None,None,None,None,None,None,NA,None,NA,NA,NA,NA,NA,NA,NA,NA
/Users/peter/Downloads/medium,3.jpg,img,bird,0.8707319498062134,False,302,893,424,1047,1080,1920,17/06/16 10:31:47,17/06/16 10:31:47,17/06/16 10:31:47,NA,NA,NA,NA,RECONYX,"HC500 HYPERFIRE    ",24,174,2,2,72.0,72.0,b'0220',b'\x01\x02\x03\x00',b'0100',1,1920,400,1080,0,1,0,0.03333333333333333,NA,NA,NA,NA
/Users/peter/Downloads/medium,313.jpg,img,eastern gray squirrel,0.9271366596221924,False,435,947,757,1049,1080,1920,NA,NA,NA,NA,NA,NA,NA,None,None,NA,None,None,None,None,None,None,None,None,None,None,NA,None,NA,NA,NA,NA,NA,NA,NA,NA
/Users/peter/Downloads/medium,313.jpg,img,eastern gray squirrel,0.9271366596221924,False,434,948,569,1047,1080,1920,NA,NA,NA,NA,NA,NA,NA,None,None,NA,None,None,None,None,None,None,None,None,None,None,NA,None,NA,NA,NA,NA,NA,NA,NA,NA
/Users/peter/Downloads/medium,334.jpg,img,eastern gray squirrel,0.9771400094032288,False,423,940,574,1046,1080,1920,NA,NA,NA,NA,NA,NA,NA,None,None,NA,None,None,None,None,None,None,None,None,None,None,NA,None,NA,NA,NA,NA,NA,NA,NA,NA
/Users/peter/Downloads/medium,360.jpg,img,mammal,0.6913206055760384,False,1141,1242,2042,1503,1536,2048,NA,NA,NA,NA,NA,NA,NA,None,None,NA,None,None,None,None,None,None,None,None,None,None,NA,None,NA,NA,NA,NA,NA,NA,NA,NA
/Users/peter/Downloads/medium,3698.jpg,img,northern raccoon,0.9962781667709351,False,1215,865,1832,1047,1080,1920,NA,NA,NA,NA,NA,NA,NA,None,None,NA,None,None,None,None,None,None,None,None,None,None,NA,None,NA,NA,NA,NA,NA,NA,NA,NA
/Users/peter/Downloads/medium,3718.jpg,img,northern raccoon,0.8086650371551514,False,1030,897,1328,1047,1080,1920,NA,NA,NA,NA,NA,NA,NA,None,None,NA,None,None,None,None,None,None,None,None,None,None,NA,None,NA,NA,NA,NA,NA,NA,NA,NA
/Users/peter/Downloads/medium,3793.jpg,img,northern raccoon,0.9981434345245361,False,888,578,1040,811,1536,2048,NA,NA,NA,NA,NA,NA,NA,None,None,NA,None,None,None,None,None,None,None,None,None,None,NA,None,NA,NA,NA,NA,NA,NA,NA,NA
/Users/peter/Downloads/medium,380.jpg,img,eastern fox squirrel,0.9748334884643555,False,514,1125,684,1428,1536,2048,NA,NA,NA,NA,NA,NA,NA,None,None,NA,None,None,None,None,None,None,None,None,None,None,NA,None,NA,NA,NA,NA,NA,NA,NA,NA
/Users/peter/Downloads/medium,3804.jpg,img,northern raccoon,0.9974905252456665,False,465,1150,1546,1502,1536,2048,NA,NA,NA,NA,NA,NA,NA,None,None,NA,None,None,None,None,None,None,None,None,None,None,NA,None,NA,NA,NA,NA,NA,NA,NA,NA
/Users/peter/Downloads/medium,3834.jpg,img,northern raccoon,0.9986337423324585,False,1425,692,1839,915,1536,2048,NA,NA,NA,NA,NA,NA,NA,None,None,NA,None,None,None,None,None,None,None,None,None,None,NA,None,NA,NA,NA,NA,NA,NA,NA,NA
/Users/peter/Downloads/medium,3850.jpg,img,northern raccoon,0.9962683320045471,False,475,1126,690,1291,1536,2048,NA,NA,NA,NA,NA,NA,NA,None,None,NA,None,None,None,None,None,None,None,None,None,None,NA,None,NA,NA,NA,NA,NA,NA,NA,NA
/Users/peter/Downloads/medium,3879.jpg,img,northern raccoon,0.9990089535713196,False,225,1055,467,1496,1536,2048,NA,NA,NA,NA,NA,NA,NA,None,None,NA,None,None,None,None,None,None,None,None,None,None,NA,None,NA,NA,NA,NA,NA,NA,NA,NA
/Users/peter/Downloads/medium,3901.jpg,img,northern raccoon,0.9992800354957581,False,1031,694,1206,904,1080,1920,NA,NA,NA,NA,NA,NA,NA,None,None,NA,None,None,None,None,None,None,None,None,None,None,NA,None,NA,NA,NA,NA,NA,NA,NA,NA
/Users/peter/Downloads/medium,395.jpg,img,sciurus species,0.9933710396289825,False,1548,1052,1974,1249,1536,2048,NA,NA,NA,NA,NA,NA,NA,None,None,NA,None,None,None,None,None,None,None,None,None,None,NA,None,NA,NA,NA,NA,NA,NA,NA,NA
/Users/peter/Downloads/medium,3952.jpg,img,northern raccoon,0.9989238977432251,False,443,1129,993,1502,1536,2048,NA,NA,NA,NA,NA,NA,NA,None,None,NA,None,None,None,None,None,None,None,None,None,None,NA,None,NA,NA,NA,NA,NA,NA,NA,NA
/Users/peter/Downloads/medium,405.jpg,img,eastern fox squirrel,0.8143432140350342,False,1944,717,2048,900,1536,2048,NA,NA,NA,NA,NA,NA,NA,None,None,NA,None,None,None,None,None,None,None,None,None,None,NA,None,NA,NA,NA,NA,NA,NA,NA,NA
/Users/peter/Downloads/medium,408.jpg,img,eastern fox squirrel,0.9690185189247131,False,799,784,1069,911,1536,2048,NA,NA,NA,NA,NA,NA,NA,None,None,NA,None,None,None,None,None,None,None,None,None,None,NA,None,NA,NA,NA,NA,NA,NA,NA,NA
/Users/peter/Downloads/medium,425.jpg,img,eastern fox squirrel,0.9613617658615112,False,574,1006,1090,1503,1536,2048,NA,NA,NA,NA,NA,NA,NA,None,None,NA,None,None,None,None,None,None,None,None,None,None,NA,None,NA,NA,NA,NA,NA,NA,NA,NA
/Users/peter/Downloads/medium,426.jpg,img,eastern gray squirrel,0.8199895024299622,False,1793,787,2048,923,1536,2048,NA,NA,NA,NA,NA,NA,NA,None,None,NA,None,None,None,None,None,None,None,None,None,None,NA,None,NA,NA,NA,NA,NA,NA,NA,NA
/Users/peter/Downloads/medium,435.jpg,img,eastern fox squirrel,0.9291802644729614,False,296,1154,714,1503,1536,2048,NA,NA,NA,NA,NA,NA,NA,None,None,NA,None,None,None,None,None,None,None,None,None,None,NA,None,NA,NA,NA,NA,NA,NA,NA,NA
/Users/peter/Downloads/medium,441.jpg,img,eastern fox squirrel,0.9434821605682373,False,1265,761,1466,887,1536,2048,NA,NA,NA,NA,NA,NA,NA,None,None,NA,None,None,None,None,None,None,None,None,None,None,NA,None,NA,NA,NA,NA,NA,NA,NA,NA
/Users/peter/Downloads/medium,453.jpg,img,sciurus species,0.8641512393951416,False,1412,783,1626,875,1536,2048,NA,NA,NA,NA,NA,NA,NA,None,None,NA,None,None,None,None,None,None,None,None,None,None,NA,None,NA,NA,NA,NA,NA,NA,NA,NA
/Users/peter/Downloads/medium,459.jpg,img,sciurus species,0.9884205395355821,False,1210,844,1514,959,1536,2048,NA,NA,NA,NA,NA,NA,NA,None,None,NA,None,None,None,None,None,None,None,None,None,None,NA,None,NA,NA,NA,NA,NA,NA,NA,NA
/Users/peter/Downloads/medium,46.jpg,img,bird,0.9412055015563965,False,1226,690,1476,860,1080,1920,03/06/16 12:41:00,03/06/16 12:41:00,03/06/16 12:41:00,NA,NA,NA,NA,RECONYX,"HC500 HYPERFIRE    ",24,174,2,2,72.0,72.0,b'0220',b'\x01\x02\x03\x00',b'0100',1,1920,200,1080,0,1,0,0.03275462962962963,NA,NA,NA,NA
/Users/peter/Downloads/medium,471.jpg,img,eastern fox squirrel,0.8887263536453247,False,513,1153,777,1351,1536,2048,NA,NA,NA,NA,NA,NA,NA,None,None,NA,None,None,None,None,None,None,None,None,None,None,NA,None,NA,NA,NA,NA,NA,NA,NA,NA
/Users/peter/Downloads/medium,481.jpg,img,eastern fox squirrel,0.9364578723907471,False,1490,1068,1669,1175,1536,2048,NA,NA,NA,NA,NA,NA,NA,None,None,NA,None,None,None,None,None,None,None,None,None,None,NA,None,NA,NA,NA,NA,NA,NA,NA,NA
/Users/peter/Downloads/medium,487.jpg,img,eastern fox squirrel,0.9430375099182129,False,1002,1062,1270,1195,1536,2048,NA,NA,NA,NA,NA,NA,NA,None,None,NA,None,None,None,None,None,None,None,None,None,None,NA,None,NA,NA,NA,NA,NA,NA,NA,NA
/Users/peter/Downloads/medium,49.jpg,img,bird,0.9706353545188904,False,717,1039,1149,1503,1536,2048,24/03/16 10:30:12,24/03/16 10:30:12,24/03/16 10:30:12,NA,NA,NA,NA,Reconyx  ,"RC55 RAPIDFIRE               ",24,186,2,2,72.0,72.0,b'0220',b'\x01\x02\x03\x00',b'0100',1,2048,80,1536,0,0,0,0.008333333333333333,NA,NA,NA,NA
/Users/peter/Downloads/medium,4911.jpg,img,domestic dog,0.9695639610290527,False,1094,681,1363,1029,1536,2048,NA,NA,NA,NA,NA,NA,NA,None,None,NA,None,None,None,None,None,None,None,None,None,None,NA,None,NA,NA,NA,NA,NA,NA,NA,NA
/Users/peter/Downloads/medium,4911.jpg,img,domestic dog,0.9695639610290527,False,1613,1,2048,1157,1536,2048,NA,NA,NA,NA,NA,NA,NA,None,None,NA,None,None,None,None,None,None,None,None,None,None,NA,None,NA,NA,NA,NA,NA,NA,NA,NA
/Users/peter/Downloads/medium,493.jpg,img,sciurus species,0.9141516955569386,False,1037,1093,1252,1198,1536,2048,NA,NA,NA,NA,NA,NA,NA,None,None,NA,None,None,None,None,None,None,None,None,None,None,NA,None,NA,NA,NA,NA,NA,NA,NA,NA
/Users/peter/Downloads/medium,5064.jpg,img,domestic horse,0.9714304804801941,False,1700,641,2048,1434,1536,2048,NA,NA,NA,NA,NA,NA,NA,None,None,NA,None,None,None,None,None,None,None,None,None,None,NA,None,NA,NA,NA,NA,NA,NA,NA,NA
/Users/peter/Downloads/medium,509.jpg,img,eastern fox squirrel,0.965050995349884,False,82,1072,528,1252,1536,2048,NA,NA,NA,NA,NA,NA,NA,None,None,NA,None,None,None,None,None,None,None,None,None,None,NA,None,NA,NA,NA,NA,NA,NA,NA,NA
/Users/peter/Downloads/medium,51.jpg,img,corvus species,0.7093073576688766,False,627,1042,1097,1503,1536,2048,24/03/16 10:30:09,24/03/16 10:30:09,24/03/16 10:30:09,NA,NA,NA,NA,Reconyx  ,"RC55 RAPIDFIRE               ",24,186,2,2,72.0,72.0,b'0220',b'\x01\x02\x03\x00',b'0100',1,2048,80,1536,0,0,0,0.008333333333333333,NA,NA,NA,NA
/Users/peter/Downloads/medium,5106.jpg,img,carnivorous mammal,0.8589276075363159,False,0,551,249,664,1080,1920,NA,NA,NA,NA,NA,NA,NA,None,None,NA,None,None,None,None,None,None,None,None,None,None,NA,None,NA,NA,NA,NA,NA,NA,NA,NA
/Users/peter/Downloads/medium,5114.jpg,img,domestic dog,0.8274052143096924,False,1273,549,1655,718,1080,1920,NA,NA,NA,NA,NA,NA,NA,None,None,NA,None,None,None,None,None,None,None,None,None,None,NA,None,NA,NA,NA,NA,NA,NA,NA,NA
/Users/peter/Downloads/medium,513.jpg,img,sciurus species,0.8747092243283987,False,557,1086,689,1370,1536,2048,NA,NA,NA,NA,NA,NA,NA,None,None,NA,None,None,None,None,None,None,None,None,None,None,NA,None,NA,NA,NA,NA,NA,NA,NA,NA
/Users/peter/Downloads/medium,5140.jpg,img,domestic dog,0.9233438968658447,False,481,1100,984,1345,1536,2048,NA,NA,NA,NA,NA,NA,NA,None,None,NA,None,None,None,None,None,None,None,None,None,None,NA,None,NA,NA,NA,NA,NA,NA,NA,NA
/Users/peter/Downloads/medium,5158.jpg,img,cetartiodactyla order,0.8299864456057549,False,860,709,1703,1048,1080,1920,NA,NA,NA,NA,NA,NA,NA,None,None,NA,None,None,None,None,None,None,None,None,None,None,NA,None,NA,NA,NA,NA,NA,NA,NA,NA
/Users/peter/Downloads/medium,5186.jpg,img,domestic dog,0.9566070437431335,False,0,516,342,674,1080,1920,NA,NA,NA,NA,NA,NA,NA,None,None,NA,None,None,None,None,None,None,None,None,None,None,NA,None,NA,NA,NA,NA,NA,NA,NA,NA
/Users/peter/Downloads/medium,5211.jpg,img,domestic dog,0.9924863576889038,False,0,665,603,1503,1536,2048,NA,NA,NA,NA,NA,NA,NA,None,None,NA,None,None,None,None,None,None,None,None,None,None,NA,None,NA,NA,NA,NA,NA,NA,NA,NA
/Users/peter/Downloads/medium,5229.jpg,img,domestic dog,0.9253667593002319,False,53,31,2047,1504,1536,2048,NA,NA,NA,NA,NA,NA,NA,None,None,NA,None,None,None,None,None,None,None,None,None,None,NA,None,NA,NA,NA,NA,NA,NA,NA,NA
/Users/peter/Downloads/medium,523.jpg,img,eastern fox squirrel,0.9721295833587646,False,102,1025,414,1268,1536,2048,NA,NA,NA,NA,NA,NA,NA,None,None,NA,None,None,None,None,None,None,None,None,None,None,NA,None,NA,NA,NA,NA,NA,NA,NA,NA
/Users/peter/Downloads/medium,5250.jpg,img,domestic dog,0.9968839883804321,False,792,232,1203,652,1080,1920,NA,NA,NA,NA,NA,NA,NA,None,None,NA,None,None,None,None,None,None,None,None,None,None,NA,None,NA,NA,NA,NA,NA,NA,NA,NA
/Users/peter/Downloads/medium,5269.jpg,img,domestic dog,0.9985585808753967,False,121,32,432,366,1080,1920,NA,NA,NA,NA,NA,NA,NA,None,None,NA,None,None,None,None,None,None,None,None,None,None,NA,None,NA,NA,NA,NA,NA,NA,NA,NA
/Users/peter/Downloads/medium,5290.jpg,img,domestic dog,0.9996159672737122,False,619,199,1217,701,1080,1920,NA,NA,NA,NA,NA,NA,NA,None,None,NA,None,None,None,None,None,None,None,None,None,None,NA,None,NA,NA,NA,NA,NA,NA,NA,NA
/Users/peter/Downloads/medium,5331.jpg,img,domestic dog,0.9958776831626892,False,341,188,822,650,1080,1920,NA,NA,NA,NA,NA,NA,NA,None,None,NA,None,None,None,None,None,None,None,None,None,None,NA,None,NA,NA,NA,NA,NA,NA,NA,NA
/Users/peter/Downloads/medium,535.jpg,img,eastern fox squirrel,0.9116616249084473,False,0,1032,271,1504,1536,2048,NA,NA,NA,NA,NA,NA,NA,None,None,NA,None,None,None,None,None,None,None,None,None,None,NA,None,NA,NA,NA,NA,NA,NA,NA,NA
/Users/peter/Downloads/medium,538.jpg,img,eastern fox squirrel,0.950600802898407,False,871,632,1110,878,1536,2048,NA,NA,NA,NA,NA,NA,NA,None,None,NA,None,None,None,None,None,None,None,None,None,None,NA,None,NA,NA,NA,NA,NA,NA,NA,NA
/Users/peter/Downloads/medium,5391.jpg,img,domestic dog,0.9197027683258057,False,593,188,1208,555,1080,1920,NA,NA,NA,NA,NA,NA,NA,None,None,NA,None,None,None,None,None,None,None,None,None,None,NA,None,NA,NA,NA,NA,NA,NA,NA,NA
/Users/peter/Downloads/medium,5403.jpg,img,domestic dog,0.9985288977622986,False,853,331,1276,1001,1080,1920,NA,NA,NA,NA,NA,NA,NA,None,None,NA,None,None,None,None,None,None,None,None,None,None,NA,None,NA,NA,NA,NA,NA,NA,NA,NA
/Users/peter/Downloads/medium,5429.jpg,img,canis species,0.9926632682327181,False,873,417,1744,1047,1080,1920,NA,NA,NA,NA,NA,NA,NA,None,None,NA,None,None,None,None,None,None,None,None,None,None,NA,None,NA,NA,NA,NA,NA,NA,NA,NA
/Users/peter/Downloads/medium,5459.jpg,img,domestic dog,0.9490615725517273,False,0,716,183,1042,1536,2048,NA,NA,NA,NA,NA,NA,NA,None,None,NA,None,None,None,None,None,None,None,None,None,None,NA,None,NA,NA,NA,NA,NA,NA,NA,NA
/Users/peter/Downloads/medium,5491.jpg,img,canis species,0.999069770638016,False,782,446,1299,1047,1080,1920,NA,NA,NA,NA,NA,NA,NA,None,None,NA,None,None,None,None,None,None,None,None,None,None,NA,None,NA,NA,NA,NA,NA,NA,NA,NA
/Users/peter/Downloads/medium,550.jpg,img,eastern fox squirrel,0.9793110489845276,False,773,1002,1053,1154,1536,2048,NA,NA,NA,NA,NA,NA,NA,None,None,NA,None,None,None,None,None,None,None,None,None,None,NA,None,NA,NA,NA,NA,NA,NA,NA,NA
/Users/peter/Downloads/medium,5511.jpg,img,domestic dog,0.9390954375267029,False,456,424,955,1045,1080,1920,NA,NA,NA,NA,NA,NA,NA,None,None,NA,None,None,None,None,None,None,None,None,None,None,NA,None,NA,NA,NA,NA,NA,NA,NA,NA
/Users/peter/Downloads/medium,5569.jpg,img,domestic dog,0.9384280443191528,False,351,493,569,731,1080,1920,NA,NA,NA,NA,NA,NA,NA,None,None,NA,None,None,None,None,None,None,None,None,None,None,NA,None,NA,NA,NA,NA,NA,NA,NA,NA
/Users/peter/Downloads/medium,5616.jpg,img,domestic dog,0.9757950901985168,False,367,309,1000,671,1080,1920,NA,NA,NA,NA,NA,NA,NA,None,None,NA,None,None,None,None,None,None,None,None,None,None,NA,None,NA,NA,NA,NA,NA,NA,NA,NA
/Users/peter/Downloads/medium,564.jpg,img,eastern fox squirrel,0.964589536190033,False,2,1269,864,1503,1536,2048,NA,NA,NA,NA,NA,NA,NA,None,None,NA,None,None,None,None,None,None,None,None,None,None,NA,None,NA,NA,NA,NA,NA,NA,NA,NA
/Users/peter/Downloads/medium,5644.jpg,img,domestic dog,0.8655170798301697,False,0,236,869,1046,1080,1920,NA,NA,NA,NA,NA,NA,NA,None,None,NA,None,None,None,None,None,None,None,None,None,None,NA,None,NA,NA,NA,NA,NA,NA,NA,NA
/Users/peter/Downloads/medium,5691.jpg,img,canis species,0.7851702198386192,False,378,699,630,881,1536,2048,NA,NA,NA,NA,NA,NA,NA,None,None,NA,None,None,None,None,None,None,None,None,None,None,NA,None,NA,NA,NA,NA,NA,NA,NA,NA
/Users/peter/Downloads/medium,5769.jpg,img,mammal,0.7621660158038139,False,437,682,711,852,1536,2048,NA,NA,NA,NA,NA,NA,NA,None,None,NA,None,None,None,None,None,None,None,None,None,None,NA,None,NA,NA,NA,NA,NA,NA,NA,NA
/Users/peter/Downloads/medium,5800.jpg,img,domestic dog,0.9490249156951904,False,576,700,739,855,1536,2048,NA,NA,NA,NA,NA,NA,NA,None,None,NA,None,None,None,None,None,None,None,None,None,None,NA,None,NA,NA,NA,NA,NA,NA,NA,NA
/Users/peter/Downloads/medium,583.jpg,img,eastern fox squirrel,0.9758439064025879,False,1836,1025,2001,1110,1536,2048,NA,NA,NA,NA,NA,NA,NA,None,None,NA,None,None,None,None,None,None,None,None,None,None,NA,None,NA,NA,NA,NA,NA,NA,NA,NA
/Users/peter/Downloads/medium,585.jpg,img,eastern fox squirrel,0.9803671836853027,False,142,792,572,1221,1536,2048,NA,NA,NA,NA,NA,NA,NA,None,None,NA,None,None,None,None,None,None,None,None,None,None,NA,None,NA,NA,NA,NA,NA,NA,NA,NA
/Users/peter/Downloads/medium,5853.jpg,img,bird,0.897566094994545,False,1034,1167,1264,1503,1536,2048,NA,NA,NA,NA,NA,NA,NA,None,None,NA,None,None,None,None,None,None,None,None,None,None,NA,None,NA,NA,NA,NA,NA,NA,NA,NA
/Users/peter/Downloads/medium,591.jpg,img,eastern fox squirrel,0.9626123309135437,False,0,882,186,1030,1536,2048,NA,NA,NA,NA,NA,NA,NA,None,None,NA,None,None,None,None,None,None,None,None,None,None,NA,None,NA,NA,NA,NA,NA,NA,NA,NA
/Users/peter/Downloads/medium,5914.jpg,img,wild turkey,0.7324498295783997,False,1017,502,1341,812,1080,1920,NA,NA,NA,NA,NA,NA,NA,None,None,NA,None,None,None,None,None,None,None,None,None,None,NA,None,NA,NA,NA,NA,NA,NA,NA,NA
/Users/peter/Downloads/medium,5930.jpg,img,wild turkey,0.9675382971763611,False,829,296,1107,1030,1080,1920,NA,NA,NA,NA,NA,NA,NA,None,None,NA,None,None,None,None,None,None,None,None,None,None,NA,None,NA,NA,NA,NA,NA,NA,NA,NA
/Users/peter/Downloads/medium,6005.jpg,img,wild turkey,0.947848379611969,False,959,364,1515,1043,1080,1920,NA,NA,NA,NA,NA,NA,NA,None,None,NA,None,None,None,None,None,None,None,None,None,None,NA,None,NA,NA,NA,NA,NA,NA,NA,NA
/Users/peter/Downloads/medium,6005.jpg,img,wild turkey,0.947848379611969,False,1373,458,1784,863,1080,1920,NA,NA,NA,NA,NA,NA,NA,None,None,NA,None,None,None,None,None,None,None,None,None,None,NA,None,NA,NA,NA,NA,NA,NA,NA,NA
/Users/peter/Downloads/medium,6038.jpg,img,white-tailed deer,0.9527506232261658,False,0,287,955,1401,1536,2048,NA,NA,NA,NA,NA,NA,NA,None,None,NA,None,None,None,None,None,None,None,None,None,None,NA,None,NA,NA,NA,NA,NA,NA,NA,NA
/Users/peter/Downloads/medium,6038.jpg,img,white-tailed deer,0.9527506232261658,False,720,812,959,1070,1536,2048,NA,NA,NA,NA,NA,NA,NA,None,None,NA,None,None,None,None,None,None,None,None,None,None,NA,None,NA,NA,NA,NA,NA,NA,NA,NA
/Users/peter/Downloads/medium,605.jpg,img,eastern fox squirrel,0.9659730195999146,False,2,1016,752,1391,1536,2048,NA,NA,NA,NA,NA,NA,NA,None,None,NA,None,None,None,None,None,None,None,None,None,None,NA,None,NA,NA,NA,NA,NA,NA,NA,NA
/Users/peter/Downloads/medium,6062.jpg,img,white-tailed deer,0.9797109961509705,False,0,383,971,1401,1536,2048,NA,NA,NA,NA,NA,NA,NA,None,None,NA,None,None,None,None,None,None,None,None,None,None,NA,None,NA,NA,NA,NA,NA,NA,NA,NA
/Users/peter/Downloads/medium,6116.jpg,img,eastern gray squirrel,0.8396908640861511,False,296,743,539,953,1536,2048,NA,NA,NA,NA,NA,NA,NA,None,None,NA,None,None,None,None,None,None,None,None,None,None,NA,None,NA,NA,NA,NA,NA,NA,NA,NA
/Users/peter/Downloads/medium,723.jpg,img,eastern cottontail,0.9673294425010681,False,1238,912,1363,1060,1536,2048,NA,NA,NA,NA,NA,NA,NA,None,None,NA,None,None,None,None,None,None,None,None,None,None,NA,None,NA,NA,NA,NA,NA,NA,NA,NA
/Users/peter/Downloads/medium,742.jpg,img,rabbit and hare family,0.9648595624603331,False,1326,1230,1709,1448,1536,2048,NA,NA,NA,NA,NA,NA,NA,None,None,NA,None,None,None,None,None,None,None,None,None,None,NA,None,NA,NA,NA,NA,NA,NA,NA,NA
/Users/peter/Downloads/medium,7648.jpg,img,cat family,0.8591685742139816,False,727,843,1038,1369,1536,2048,NA,NA,NA,NA,NA,NA,NA,None,None,NA,None,None,None,None,None,None,None,None,None,None,NA,None,NA,NA,NA,NA,NA,NA,NA,NA
/Users/peter/Downloads/medium,770.jpg,img,eastern cottontail,0.8666286468505859,False,494,749,642,910,1536,2048,NA,NA,NA,NA,NA,NA,NA,None,None,NA,None,None,None,None,None,None,None,None,None,None,NA,None,NA,NA,NA,NA,NA,NA,NA,NA
/Users/peter/Downloads/medium,7730.jpg,img,bobcat,0.8519237041473389,False,856,875,1051,981,1536,2048,NA,NA,NA,NA,NA,NA,NA,None,None,NA,None,None,None,None,None,None,None,None,None,None,NA,None,NA,NA,NA,NA,NA,NA,NA,NA
/Users/peter/Downloads/medium,7748.jpg,img,mammal,0.9014877313748002,False,265,926,418,1160,1536,2048,NA,NA,NA,NA,NA,NA,NA,None,None,NA,None,None,None,None,None,None,None,None,None,None,NA,None,NA,NA,NA,NA,NA,NA,NA,NA
/Users/peter/Downloads/medium,7767.jpg,img,carnivorous mammal,0.9715250562876463,False,1141,720,1273,878,1536,2048,NA,NA,NA,NA,NA,NA,NA,None,None,NA,None,None,None,None,None,None,None,None,None,None,NA,None,NA,NA,NA,NA,NA,NA,NA,NA
/Users/peter/Downloads/medium,7769.jpg,img,corvus species,0.769019978120923,False,1758,928,2042,1221,1536,2048,NA,NA,NA,NA,NA,NA,NA,None,None,NA,None,None,None,None,None,None,None,None,None,None,NA,None,NA,NA,NA,NA,NA,NA,NA,NA
/Users/peter/Downloads/medium,7770.jpg,img,american crow,0.7606384754180908,False,1752,945,2042,1222,1536,2048,NA,NA,NA,NA,NA,NA,NA,None,None,NA,None,None,None,None,None,None,None,None,None,None,NA,None,NA,NA,NA,NA,NA,NA,NA,NA
/Users/peter/Downloads/medium,7771.jpg,img,american crow,0.6612306833267212,False,1684,929,2041,1219,1536,2048,NA,NA,NA,NA,NA,NA,NA,None,None,NA,None,None,None,None,None,None,None,None,None,None,NA,None,NA,NA,NA,NA,NA,NA,NA,NA
/Users/peter/Downloads/medium,7772.jpg,img,american crow,0.697350263595581,False,1437,902,1937,1203,1536,2048,NA,NA,NA,NA,NA,NA,NA,None,None,NA,None,None,None,None,None,None,None,None,None,None,NA,None,NA,NA,NA,NA,NA,NA,NA,NA
/Users/peter/Downloads/medium,7773.jpg,img,american crow,0.8619949221611023,False,1075,889,1517,1200,1536,2048,NA,NA,NA,NA,NA,NA,NA,None,None,NA,None,None,None,None,None,None,None,None,None,None,NA,None,NA,NA,NA,NA,NA,NA,NA,NA
/Users/peter/Downloads/medium,7774.jpg,img,american crow,0.8268522620201111,False,780,896,1253,1196,1536,2048,NA,NA,NA,NA,NA,NA,NA,None,None,NA,None,None,None,None,None,None,None,None,None,None,NA,None,NA,NA,NA,NA,NA,NA,NA,NA
/Users/peter/Downloads/medium,7775.jpg,img,american crow,0.9460583925247192,False,593,909,998,1209,1536,2048,NA,NA,NA,NA,NA,NA,NA,None,None,NA,None,None,None,None,None,None,None,None,None,None,NA,None,NA,NA,NA,NA,NA,NA,NA,NA
/Users/peter/Downloads/medium,7776.jpg,img,american crow,0.9545419216156006,False,316,898,735,1185,1536,2048,NA,NA,NA,NA,NA,NA,NA,None,None,NA,None,None,None,None,None,None,None,None,None,None,NA,None,NA,NA,NA,NA,NA,NA,NA,NA
/Users/peter/Downloads/medium,7777.jpg,img,american crow,0.8379092216491699,False,128,877,510,1197,1536,2048,NA,NA,NA,NA,NA,NA,NA,None,None,NA,None,None,None,None,None,None,None,None,None,None,NA,None,NA,NA,NA,NA,NA,NA,NA,NA
/Users/peter/Downloads/medium,7778.jpg,img,american crow,0.7807556390762329,False,10,897,340,1194,1536,2048,NA,NA,NA,NA,NA,NA,NA,None,None,NA,None,None,None,None,None,None,None,None,None,None,NA,None,NA,NA,NA,NA,NA,NA,NA,NA
/Users/peter/Downloads/medium,7778.jpg,img,american crow,0.7807556390762329,False,1516,313,1814,643,1536,2048,NA,NA,NA,NA,NA,NA,NA,None,None,NA,None,None,None,None,None,None,None,None,None,None,NA,None,NA,NA,NA,NA,NA,NA,NA,NA
/Users/peter/Downloads/medium,7779.jpg,img,american crow,0.8607268929481506,False,978,763,1208,926,1536,2048,NA,NA,NA,NA,NA,NA,NA,None,None,NA,None,None,None,None,None,None,None,None,None,None,NA,None,NA,NA,NA,NA,NA,NA,NA,NA
/Users/peter/Downloads/medium,7779.jpg,img,american crow,0.8607268929481506,False,185,843,413,1099,1536,2048,NA,NA,NA,NA,NA,NA,NA,None,None,NA,None,None,None,None,None,None,None,None,None,None,NA,None,NA,NA,NA,NA,NA,NA,NA,NA
/Users/peter/Downloads/medium,7780.jpg,img,american crow,0.9222561717033386,False,199,847,433,1104,1536,2048,NA,NA,NA,NA,NA,NA,NA,None,None,NA,None,None,None,None,None,None,None,None,None,None,NA,None,NA,NA,NA,NA,NA,NA,NA,NA
/Users/peter/Downloads/medium,7780.jpg,img,american crow,0.9222561717033386,False,976,779,1211,927,1536,2048,NA,NA,NA,NA,NA,NA,NA,None,None,NA,None,None,None,None,None,None,None,None,None,None,NA,None,NA,NA,NA,NA,NA,NA,NA,NA
/Users/peter/Downloads/medium,7781.jpg,img,american crow,0.9380427002906799,False,241,838,446,1116,1536,2048,NA,NA,NA,NA,NA,NA,NA,None,None,NA,None,None,None,None,None,None,None,None,None,None,NA,None,NA,NA,NA,NA,NA,NA,NA,NA
/Users/peter/Downloads/medium,7781.jpg,img,american crow,0.9380427002906799,False,971,730,1172,929,1536,2048,NA,NA,NA,NA,NA,NA,NA,None,None,NA,None,None,None,None,None,None,None,None,None,None,NA,None,NA,NA,NA,NA,NA,NA,NA,NA
/Users/peter/Downloads/medium,7782.jpg,img,american crow,0.920735776424408,False,227,838,436,1117,1536,2048,NA,NA,NA,NA,NA,NA,NA,None,None,NA,None,None,None,None,None,None,None,None,None,None,NA,None,NA,NA,NA,NA,NA,NA,NA,NA
/Users/peter/Downloads/medium,7782.jpg,img,american crow,0.920735776424408,False,969,759,1186,928,1536,2048,NA,NA,NA,NA,NA,NA,NA,None,None,NA,None,None,None,None,None,None,None,None,None,None,NA,None,NA,NA,NA,NA,NA,NA,NA,NA
/Users/peter/Downloads/medium,7783.jpg,img,american crow,0.8859274983406067,False,294,863,490,1132,1536,2048,NA,NA,NA,NA,NA,NA,NA,None,None,NA,None,None,None,None,None,None,None,None,None,None,NA,None,NA,NA,NA,NA,NA,NA,NA,NA
/Users/peter/Downloads/medium,7783.jpg,img,american crow,0.8859274983406067,False,994,736,1170,928,1536,2048,NA,NA,NA,NA,NA,NA,NA,None,None,NA,None,None,None,None,None,None,None,None,None,None,NA,None,NA,NA,NA,NA,NA,NA,NA,NA
/Users/peter/Downloads/medium,7784.jpg,img,american crow,0.96234130859375,False,993,736,1171,929,1536,2048,NA,NA,NA,NA,NA,NA,NA,None,None,NA,None,None,None,None,None,None,None,None,None,None,NA,None,NA,NA,NA,NA,NA,NA,NA,NA
/Users/peter/Downloads/medium,7784.jpg,img,american crow,0.96234130859375,False,366,866,564,1167,1536,2048,NA,NA,NA,NA,NA,NA,NA,None,None,NA,None,None,None,None,None,None,None,None,None,None,NA,None,NA,NA,NA,NA,NA,NA,NA,NA
/Users/peter/Downloads/medium,7785.jpg,img,american crow,0.744191586971283,False,471,895,663,1222,1536,2048,NA,NA,NA,NA,NA,NA,NA,None,None,NA,None,None,None,None,None,None,None,None,None,None,NA,None,NA,NA,NA,NA,NA,NA,NA,NA
/Users/peter/Downloads/medium,7785.jpg,img,american crow,0.744191586971283,False,1052,778,1219,930,1536,2048,NA,NA,NA,NA,NA,NA,NA,None,None,NA,None,None,None,None,None,None,None,None,None,None,NA,None,NA,NA,NA,NA,NA,NA,NA,NA
/Users/peter/Downloads/medium,7786.jpg,img,american crow,0.8734813928604126,False,478,886,720,1244,1536,2048,NA,NA,NA,NA,NA,NA,NA,None,None,NA,None,None,None,None,None,None,None,None,None,None,NA,None,NA,NA,NA,NA,NA,NA,NA,NA
/Users/peter/Downloads/medium,7786.jpg,img,american crow,0.8734813928604126,False,1076,808,1205,929,1536,2048,NA,NA,NA,NA,NA,NA,NA,None,None,NA,None,None,None,None,None,None,None,None,None,None,NA,None,NA,NA,NA,NA,NA,NA,NA,NA
/Users/peter/Downloads/medium,7787.jpg,img,american crow,0.854218602180481,False,503,909,712,1237,1536,2048,NA,NA,NA,NA,NA,NA,NA,None,None,NA,None,None,None,None,None,None,None,None,None,None,NA,None,NA,NA,NA,NA,NA,NA,NA,NA
/Users/peter/Downloads/medium,7787.jpg,img,american crow,0.854218602180481,False,1077,804,1191,931,1536,2048,NA,NA,NA,NA,NA,NA,NA,None,None,NA,None,None,None,None,None,None,None,None,None,None,NA,None,NA,NA,NA,NA,NA,NA,NA,NA
/Users/peter/Downloads/medium,7788.jpg,img,american crow,0.7842495441436768,False,551,924,862,1283,1536,2048,NA,NA,NA,NA,NA,NA,NA,None,None,NA,None,None,None,None,None,None,None,None,None,None,NA,None,NA,NA,NA,NA,NA,NA,NA,NA
/Users/peter/Downloads/medium,7788.jpg,img,american crow,0.7842495441436768,False,1061,791,1190,937,1536,2048,NA,NA,NA,NA,NA,NA,NA,None,None,NA,None,None,None,None,None,None,None,None,None,None,NA,None,NA,NA,NA,NA,NA,NA,NA,NA
/Users/peter/Downloads/medium,7789.jpg,img,corvus species,0.9162900149822235,False,1157,913,1589,1305,1536,2048,NA,NA,NA,NA,NA,NA,NA,None,None,NA,None,None,None,None,None,None,None,None,None,None,NA,None,NA,NA,NA,NA,NA,NA,NA,NA
/Users/peter/Downloads/medium,7789.jpg,img,corvus species,0.9162900149822235,False,1320,797,1618,991,1536,2048,NA,NA,NA,NA,NA,NA,NA,None,None,NA,None,None,None,None,None,None,None,None,None,None,NA,None,NA,NA,NA,NA,NA,NA,NA,NA
/Users/peter/Downloads/medium,7790.jpg,img,american crow,0.7052371501922607,False,1081,946,1599,1296,1536,2048,NA,NA,NA,NA,NA,NA,NA,None,None,NA,None,None,None,None,None,None,None,None,None,None,NA,None,NA,NA,NA,NA,NA,NA,NA,NA
/Users/peter/Downloads/medium,7790.jpg,img,american crow,0.7052371501922607,False,1195,770,1458,966,1536,2048,NA,NA,NA,NA,NA,NA,NA,None,None,NA,None,None,None,None,None,None,None,None,None,None,NA,None,NA,NA,NA,NA,NA,NA,NA,NA
/Users/peter/Downloads/medium,7791.jpg,img,american crow,0.812403678894043,False,874,967,1439,1291,1536,2048,NA,NA,NA,NA,NA,NA,NA,None,None,NA,None,None,None,None,None,None,None,None,None,None,NA,None,NA,NA,NA,NA,NA,NA,NA,NA
/Users/peter/Downloads/medium,7791.jpg,img,american crow,0.812403678894043,False,1168,756,1352,961,1536,2048,NA,NA,NA,NA,NA,NA,NA,None,None,NA,None,None,None,None,None,None,None,None,None,None,NA,None,NA,NA,NA,NA,NA,NA,NA,NA
/Users/peter/Downloads/medium,7792.jpg,img,american crow,0.745698094367981,False,1162,921,1580,1305,1536,2048,NA,NA,NA,NA,NA,NA,NA,None,None,NA,None,None,None,None,None,None,None,None,None,None,NA,None,NA,NA,NA,NA,NA,NA,NA,NA
/Users/peter/Downloads/medium,7792.jpg,img,american crow,0.745698094367981,False,1364,810,1598,1005,1536,2048,NA,NA,NA,NA,NA,NA,NA,None,None,NA,None,None,None,None,None,None,None,None,None,None,NA,None,NA,NA,NA,NA,NA,NA,NA,NA
/Users/peter/Downloads/medium,7794.jpg,img,corvus species,0.7443517651408911,False,1789,989,2042,1435,1536,2048,NA,NA,NA,NA,NA,NA,NA,None,None,NA,None,None,None,None,None,None,None,None,None,None,NA,None,NA,NA,NA,NA,NA,NA,NA,NA
/Users/peter/Downloads/medium,7794.jpg,img,corvus species,0.7443517651408911,False,1810,815,2041,1061,1536,2048,NA,NA,NA,NA,NA,NA,NA,None,None,NA,None,None,None,None,None,None,None,None,None,None,NA,None,NA,NA,NA,NA,NA,NA,NA,NA
/Users/peter/Downloads/medium,7795.jpg,img,corvus species,0.7876905212178826,False,1405,953,1858,1344,1536,2048,NA,NA,NA,NA,NA,NA,NA,None,None,NA,None,None,None,None,None,None,None,None,None,None,NA,None,NA,NA,NA,NA,NA,NA,NA,NA
/Users/peter/Downloads/medium,7795.jpg,img,corvus species,0.7876905212178826,False,1755,820,2040,1072,1536,2048,NA,NA,NA,NA,NA,NA,NA,None,None,NA,None,None,None,None,None,None,None,None,None,None,NA,None,NA,NA,NA,NA,NA,NA,NA,NA
/Users/peter/Downloads/medium,7796.jpg,img,american crow,0.6531800031661987,False,1573,958,2042,1393,1536,2048,NA,NA,NA,NA,NA,NA,NA,None,None,NA,None,None,None,None,None,None,None,None,None,None,NA,None,NA,NA,NA,NA,NA,NA,NA,NA
/Users/peter/Downloads/medium,7796.jpg,img,american crow,0.6531800031661987,False,1805,816,2042,1081,1536,2048,NA,NA,NA,NA,NA,NA,NA,None,None,NA,None,None,None,None,None,None,None,None,None,None,NA,None,NA,NA,NA,NA,NA,NA,NA,NA
/Users/peter/Downloads/medium,7797.jpg,img,american crow,0.8304558992385864,False,1788,831,2042,1078,1536,2048,NA,NA,NA,NA,NA,NA,NA,None,None,NA,None,None,None,None,None,None,None,None,None,None,NA,None,NA,NA,NA,NA,NA,NA,NA,NA
/Users/peter/Downloads/medium,7798.jpg,img,american crow,0.8353707790374756,False,1807,833,2042,1077,1536,2048,NA,NA,NA,NA,NA,NA,NA,None,None,NA,None,None,None,None,None,None,None,None,None,None,NA,None,NA,NA,NA,NA,NA,NA,NA,NA
/Users/peter/Downloads/medium,7799.jpg,img,bird,0.8583978563547134,False,1959,806,2044,916,1536,2048,NA,NA,NA,NA,NA,NA,NA,None,None,NA,None,None,None,None,None,None,None,None,None,None,NA,None,NA,NA,NA,NA,NA,NA,NA,NA
/Users/peter/Downloads/medium,7800.jpg,img,bird,0.9150910880416632,False,1901,793,2042,930,1536,2048,NA,NA,NA,NA,NA,NA,NA,None,None,NA,None,None,None,None,None,None,None,None,None,None,NA,None,NA,NA,NA,NA,NA,NA,NA,NA
/Users/peter/Downloads/medium,7801.jpg,img,american crow,0.9202679991722107,False,1707,755,2003,946,1536,2048,NA,NA,NA,NA,NA,NA,NA,None,None,NA,None,None,None,None,None,None,None,None,None,None,NA,None,NA,NA,NA,NA,NA,NA,NA,NA
/Users/peter/Downloads/medium,7802.jpg,img,american crow,0.8663073182106018,False,1878,781,2043,942,1536,2048,NA,NA,NA,NA,NA,NA,NA,None,None,NA,None,None,None,None,None,None,None,None,None,None,NA,None,NA,NA,NA,NA,NA,NA,NA,NA
/Users/peter/Downloads/medium,7803.jpg,img,american crow,0.8657828569412231,False,1534,721,1767,924,1536,2048,NA,NA,NA,NA,NA,NA,NA,None,None,NA,None,None,None,None,None,None,None,None,None,None,NA,None,NA,NA,NA,NA,NA,NA,NA,NA
/Users/peter/Downloads/medium,7804.jpg,img,american crow,0.97284996509552,False,1281,715,1483,905,1536,2048,NA,NA,NA,NA,NA,NA,NA,None,None,NA,None,None,None,None,None,None,None,None,None,None,NA,None,NA,NA,NA,NA,NA,NA,NA,NA
/Users/peter/Downloads/medium,787.jpg,img,eastern cottontail,0.8773414492607117,False,959,647,1133,802,1536,2048,NA,NA,NA,NA,NA,NA,NA,None,None,NA,None,None,None,None,None,None,None,None,None,None,NA,None,NA,NA,NA,NA,NA,NA,NA,NA
/Users/peter/Downloads/medium,805.jpg,img,eastern cottontail,0.9821657538414001,False,1356,673,1627,891,1536,2048,NA,NA,NA,NA,NA,NA,NA,None,None,NA,None,None,None,None,None,None,None,None,None,None,NA,None,NA,NA,NA,NA,NA,NA,NA,NA
/Users/peter/Downloads/medium,824.jpg,img,eastern cottontail,0.9547868967056274,False,1173,650,1404,780,1536,2048,NA,NA,NA,NA,NA,NA,NA,None,None,NA,None,None,None,None,None,None,None,None,None,None,NA,None,NA,NA,NA,NA,NA,NA,NA,NA
/Users/peter/Downloads/medium,841.jpg,img,rabbit and hare family,0.9946071688318625,False,166,795,397,1049,1536,2048,NA,NA,NA,NA,NA,NA,NA,None,None,NA,None,None,None,None,None,None,None,None,None,None,NA,None,NA,NA,NA,NA,NA,NA,NA,NA
/Users/peter/Downloads/medium,850.jpg,img,eastern cottontail,0.8876821994781494,False,675,900,930,1328,1536,2048,NA,NA,NA,NA,NA,NA,NA,None,None,NA,None,None,None,None,None,None,None,None,None,None,NA,None,NA,NA,NA,NA,NA,NA,NA,NA
/Users/peter/Downloads/medium,893.jpg,img,eastern chipmunk,0.9813204407691956,False,1043,873,1173,1004,1080,1920,NA,NA,NA,NA,NA,NA,NA,None,None,NA,None,None,None,None,None,None,None,None,None,None,NA,None,NA,NA,NA,NA,NA,NA,NA,NA
/Users/peter/Downloads/medium,893.jpg,img,eastern chipmunk,0.9813204407691956,False,323,529,426,624,1080,1920,NA,NA,NA,NA,NA,NA,NA,None,None,NA,None,None,None,None,None,None,None,None,None,None,NA,None,NA,NA,NA,NA,NA,NA,NA,NA
/Users/peter/Downloads/medium,923.jpg,img,eastern chipmunk,0.978129506111145,False,577,904,665,1030,1080,1920,NA,NA,NA,NA,NA,NA,NA,None,None,NA,None,None,None,None,None,None,None,None,None,None,NA,None,NA,NA,NA,NA,NA,NA,NA,NA
/Users/peter/Downloads/medium,946.jpg,img,animal,0.763655036687851,False,450,846,577,950,1080,1920,NA,NA,NA,NA,NA,NA,NA,None,None,NA,None,None,None,None,None,None,None,None,None,None,NA,None,NA,NA,NA,NA,NA,NA,NA,NA
/Users/peter/Downloads/medium,970.jpg,img,sciuridae family,0.6656402391381562,False,626,815,740,902,1080,1920,NA,NA,NA,NA,NA,NA,NA,None,None,NA,None,None,None,None,None,None,None,None,None,None,NA,None,NA,NA,NA,NA,NA,NA,NA,NA
/Users/peter/Downloads/medium,995.jpg,img,eastern chipmunk,0.9836357235908508,False,923,1259,1248,1375,1536,2048,NA,NA,NA,NA,NA,NA,NA,None,None,NA,None,None,None,None,None,None,None,None,None,None,NA,None,NA,NA,NA,NA,NA,NA,NA,NA
