absolute_path,relative_path,data_type,label,confidence,human_verified,project,deployment,bbox_left,bbox_top,bbox_right,bbox_bottom,file_height,file_width,DateTimeOriginal,DateTime,DateTimeDigitized,Latitude,Longitude,GPSLink,Altitude,Make,Model,Flash,ExifOffset,ResolutionUnit,YCbCrPositioning,XResolution,YResolution,ExifVersion,ComponentsConfiguration,FlashPixVersion,ColorSpace,ExifImageWidth,ISOSpeedRatings,ExifImageHeight,ExposureMode,WhiteBalance,SceneCaptureType,ExposureTime,Software,Sharpness,Saturation,ReferenceBlackWhite
/Users/peter/Downloads/namibia-example-images,01.JPG,img,springbok,0.94747,FALSE,test_project,deploy_001,1917,465,2037,836,2304,3072,31/10/2008 22:49,31/10/2008 22:49,31/10/2008 22:49,-19.95944444,16.064722222222223,"https://maps.google.com/?q=-19.959444444444443,16.064722222222223",NA,G4       ,CUDDEBACK,NA,178,2,2,72,72,b'0200',b'\x01\x02\x03\x00',b'0100',1,1280,NA,1024,NA,NA,NA,NA,NA,NA,NA,NA
/Users/peter/Downloads/namibia-example-images,01.JPG,img,unidentified animal,0.332,FALSE,test_project,deploy_001,252,554,401,665,2304,3072,31/10/2008 22:49,31/10/2008 22:49,31/10/2008 22:49,-19.95944444,16.064722222222223,"https://maps.google.com/?q=-19.959444444444443,16.064722222222223",NA,G4       ,CUDDEBACK,NA,178,2,2,72,72,b'0200',b'\x01\x02\x03\x00',b'0100',1,1280,NA,1024,NA,NA,NA,NA,NA,NA,NA,NA
/Users/peter/Downloads/namibia-example-images,01.JPG,img,unidentified animal,0.373,FALSE,test_project,deploy_001,2997,399,3072,580,2304,3072,31/10/2008 22:49,31/10/2008 22:49,31/10/2008 22:49,-19.95944444,16.064722222222223,"https://maps.google.com/?q=-19.959444444444443,16.064722222222223",NA,G4       ,CUDDEBACK,NA,178,2,2,72,72,b'0200',b'\x01\x02\x03\x00',b'0100',1,1280,NA,1024,NA,NA,NA,NA,NA,NA,NA,NA
/Users/peter/Downloads/namibia-example-images,01.JPG,img,unidentified animal,0.536,FALSE,test_project,deploy_001,4,535,123,668,2304,3072,31/10/2008 22:49,31/10/2008 22:49,31/10/2008 22:49,-19.95944444,16.064722222222223,"https://maps.google.com/?q=-19.959444444444443,16.064722222222223",NA,G4       ,CUDDEBACK,NA,178,2,2,72,72,b'0200',b'\x01\x02\x03\x00',b'0100',1,1280,NA,1024,NA,NA,NA,NA,NA,NA,NA,NA
/Users/peter/Downloads/namibia-example-images,01.JPG,img,springbok,0.62267,FALSE,test_project,deploy_001,1499,610,1703,837,2304,3072,31/10/2008 22:49,31/10/2008 22:49,31/10/2008 22:49,-19.95944444,16.064722222222223,"https://maps.google.com/?q=-19.959444444444443,16.064722222222223",NA,G4       ,CUDDEBACK,NA,178,2,2,72,72,b'0200',b'\x01\x02\x03\x00',b'0100',1,1280,NA,1024,NA,NA,NA,NA,NA,NA,NA,NA
/Users/peter/Downloads/namibia-example-images,01.JPG,img,zebra,0.5239,FALSE,test_project,deploy_001,651,542,794,691,2304,3072,31/10/2008 22:49,31/10/2008 22:49,31/10/2008 22:49,-19.95944444,16.064722222222223,"https://maps.google.com/?q=-19.959444444444443,16.064722222222223",NA,G4       ,CUDDEBACK,NA,178,2,2,72,72,b'0200',b'\x01\x02\x03\x00',b'0100',1,1280,NA,1024,NA,NA,NA,NA,NA,NA,NA,NA
/Users/peter/Downloads/namibia-example-images,01.JPG,img,bird,0.99935,FALSE,test_project,deploy_001,396,533,600,929,2304,3072,31/10/2008 22:49,31/10/2008 22:49,31/10/2008 22:49,-19.95944444,16.064722222222223,"https://maps.google.com/?q=-19.959444444444443,16.064722222222223",NA,G4       ,CUDDEBACK,NA,178,2,2,72,72,b'0200',b'\x01\x02\x03\x00',b'0100',1,1280,NA,1024,NA,NA,NA,NA,NA,NA,NA,NA
/Users/peter/Downloads/namibia-example-images,01.JPG,img,bird,0.99442,FALSE,test_project,deploy_001,218,560,474,931,2304,3072,31/10/2008 22:49,31/10/2008 22:49,31/10/2008 22:49,-19.95944444,16.064722222222223,"https://maps.google.com/?q=-19.959444444444443,16.064722222222223",NA,G4       ,CUDDEBACK,NA,178,2,2,72,72,b'0200',b'\x01\x02\x03\x00',b'0100',1,1280,NA,1024,NA,NA,NA,NA,NA,NA,NA,NA
/Users/peter/Downloads/namibia-example-images,01.JPG,img,bird,0.76278,FALSE,test_project,deploy_001,786,615,1044,964,2304,3072,31/10/2008 22:49,31/10/2008 22:49,31/10/2008 22:49,-19.95944444,16.064722222222223,"https://maps.google.com/?q=-19.959444444444443,16.064722222222223",NA,G4       ,CUDDEBACK,NA,178,2,2,72,72,b'0200',b'\x01\x02\x03\x00',b'0100',1,1280,NA,1024,NA,NA,NA,NA,NA,NA,NA,NA
/Users/peter/Downloads/namibia-example-images,01.JPG,img,bird,0.99997,FALSE,test_project,deploy_001,0,509,316,1087,2304,3072,31/10/2008 22:49,31/10/2008 22:49,31/10/2008 22:49,-19.95944444,16.064722222222223,"https://maps.google.com/?q=-19.959444444444443,16.064722222222223",NA,G4       ,CUDDEBACK,NA,178,2,2,72,72,b'0200',b'\x01\x02\x03\x00',b'0100',1,1280,NA,1024,NA,NA,NA,NA,NA,NA,NA,NA
/Users/peter/Downloads/namibia-example-images,01.JPG,img,bird,0.52861,FALSE,test_project,deploy_001,1071,671,1271,852,2304,3072,31/10/2008 22:49,31/10/2008 22:49,31/10/2008 22:49,-19.95944444,16.064722222222223,"https://maps.google.com/?q=-19.959444444444443,16.064722222222223",NA,G4       ,CUDDEBACK,NA,178,2,2,72,72,b'0200',b'\x01\x02\x03\x00',b'0100',1,1280,NA,1024,NA,NA,NA,NA,NA,NA,NA,NA
/Users/peter/Downloads/namibia-example-images,01.JPG,img,bird,0.90272,FALSE,test_project,deploy_001,593,566,719,850,2304,3072,31/10/2008 22:49,31/10/2008 22:49,31/10/2008 22:49,-19.95944444,16.064722222222223,"https://maps.google.com/?q=-19.959444444444443,16.064722222222223",NA,G4       ,CUDDEBACK,NA,178,2,2,72,72,b'0200',b'\x01\x02\x03\x00',b'0100',1,1280,NA,1024,NA,NA,NA,NA,NA,NA,NA,NA
/Users/peter/Downloads/namibia-example-images,01.JPG,img,bird,0.97815,FALSE,test_project,deploy_001,2769,424,3072,844,2304,3072,31/10/2008 22:49,31/10/2008 22:49,31/10/2008 22:49,-19.95944444,16.064722222222223,"https://maps.google.com/?q=-19.959444444444443,16.064722222222223",NA,G4       ,CUDDEBACK,NA,178,2,2,72,72,b'0200',b'\x01\x02\x03\x00',b'0100',1,1280,NA,1024,NA,NA,NA,NA,NA,NA,NA,NA
/Users/peter/Downloads/namibia-example-images,01.JPG,img,springbok,0.99726,FALSE,test_project,deploy_001,1536,390,2029,1380,2304,3072,31/10/2008 22:49,31/10/2008 22:49,31/10/2008 22:49,-19.95944444,16.064722222222223,"https://maps.google.com/?q=-19.959444444444443,16.064722222222223",NA,G4       ,CUDDEBACK,NA,178,2,2,72,72,b'0200',b'\x01\x02\x03\x00',b'0100',1,1280,NA,1024,NA,NA,NA,NA,NA,NA,NA,NA
/Users/peter/Downloads/namibia-example-images,01.JPG,img,ostrich,0.96339,FALSE,test_project,deploy_001,742,342,1124,780,2304,3072,31/10/2008 22:49,31/10/2008 22:49,31/10/2008 22:49,-19.95944444,16.064722222222223,"https://maps.google.com/?q=-19.959444444444443,16.064722222222223",NA,G4       ,CUDDEBACK,NA,178,2,2,72,72,b'0200',b'\x01\x02\x03\x00',b'0100',1,1280,NA,1024,NA,NA,NA,NA,NA,NA,NA,NA
/Users/peter/Downloads/namibia-example-images,01.JPG,img,bird,0.99994,FALSE,test_project,deploy_001,2201,533,2622,889,2304,3072,31/10/2008 22:49,31/10/2008 22:49,31/10/2008 22:49,-19.95944444,16.064722222222223,"https://maps.google.com/?q=-19.959444444444443,16.064722222222223",NA,G4       ,CUDDEBACK,NA,178,2,2,72,72,b'0200',b'\x01\x02\x03\x00',b'0100',1,1280,NA,1024,NA,NA,NA,NA,NA,NA,NA,NA
/Users/peter/Downloads/namibia-example-images,02.JPG,img,brown hyaena,0.5972,FALSE,test_project,deploy_001,1488,471,1586,617,2448,3264,24/06/2012 02:46,24/06/2012 02:46,24/06/2012 02:46,-20.84416667,14.575,"https://maps.google.com/?q=-20.844166666666666,14.575",NA,WVL,Dig.Cam,7,215,2,2,72,72,b'0220',b'\x01\x02\x03\x00',b'0100',1,3264,100,2448,0,1,0,0.033333333,V097A05133,0,0,NA
/Users/peter/Downloads/namibia-example-images,02.JPG,img,brown hyaena,1,FALSE,test_project,deploy_001,2507,1027,3264,1864,2448,3264,24/06/2012 02:46,24/06/2012 02:46,24/06/2012 02:46,-20.84416667,14.575,"https://maps.google.com/?q=-20.844166666666666,14.575",NA,WVL,Dig.Cam,7,215,2,2,72,72,b'0220',b'\x01\x02\x03\x00',b'0100',1,3264,100,2448,0,1,0,0.033333333,V097A05133,0,0,NA
/Users/peter/Downloads/namibia-example-images,03.JPG,img,brown hyaena,1,FALSE,test_project,deploy_001,1082,609,1465,764,1536,2048,24/01/2011 20:15,24/01/2011 20:15,24/01/2011 20:15,-19.24555556,14.804444444444446,"https://maps.google.com/?q=-19.245555555555555,14.804444444444446",NA,,,0,268,2,2,96,96,b'0210',b'\x01\x02\x03\x00',b'0100',1,2048,100,1536,NA,NA,NA,0,4680BW0Lx0200,NA,NA,NA
/Users/peter/Downloads/namibia-example-images,04.JPG,img,caracal,1,FALSE,test_project,deploy_001,2015,764,2231,960,1944,2592,24/11/2015 13:17,24/11/2015 13:17,24/11/2015 13:17,-20.22027778,15.359722222222222,"https://maps.google.com/?q=-20.220277777777778,15.359722222222222",NA,Leupold,RCX-1,0,267,2,2,96,96,b'0220',b'\x01\x02\x03\x00',b'0100',1,3264,50,2448,0,0,NA,0.000223015,3.e.b.c,NA,NA,NA
/Users/peter/Downloads/namibia-example-images,05.JPG,img,gemsbok,1,FALSE,test_project,deploy_001,255,785,2593,2347,2448,3264,24/01/2013 10:32,24/01/2013 10:32,24/01/2013 10:32,-20.35277778,14.495833333333332,"https://maps.google.com/?q=-20.352777777777778,14.495833333333332",NA,,,0,272,2,2,96,96,b'0210',b'\x01\x02\x03\x00',b'0100',1,3264,100,2448,NA,NA,NA,0,BS680BWNx0212,NA,NA,NA
/Users/peter/Downloads/namibia-example-images,06.JPG,img,genet,1,FALSE,test_project,deploy_001,1171,1231,1484,1727,2448,3264,31/10/2008 22:47,31/10/2008 22:47,31/10/2008 22:47,-20.69638889,15.831388888888888,"https://maps.google.com/?q=-20.69638888888889,15.831388888888888",NA,G4       ,CUDDEBACK,NA,178,2,2,72,72,b'0200',b'\x01\x02\x03\x00',b'0100',1,1280,NA,1024,NA,NA,NA,NA,NA,NA,NA,NA
/Users/peter/Downloads/namibia-example-images,07.JPG,img,jackal,1,FALSE,test_project,deploy_001,1519,1,2736,1427,2448,3264,24/06/2012 02:46,24/06/2012 02:46,24/06/2012 02:46,-19.76,15.945833333333333,"https://maps.google.com/?q=-19.76,15.945833333333333",NA,WVL,Dig.Cam,7,215,2,2,72,72,b'0220',b'\x01\x02\x03\x00',b'0100',1,3264,100,2448,0,1,0,0.033333333,V097A05133,0,0,NA
/Users/peter/Downloads/namibia-example-images,08.JPG,img,jackal,1,FALSE,test_project,deploy_001,307,719,593,887,1944,2592,19/10/2011 00:58,19/10/2011 00:58,19/10/2011 00:58,-19.245,14.875277777777779,"https://maps.google.com/?q=-19.245,14.875277777777779",NA,,,0,268,2,2,96,96,b'0210',b'\x01\x02\x03\x00',b'0100',1,2592,100,1944,NA,NA,NA,0,BS680BWNx0202,NA,NA,NA
/Users/peter/Downloads/namibia-example-images,09.JPG,img,bird,0.9328,FALSE,test_project,deploy_001,1000,2117,1348,2194,2304,3072,31/10/2008 22:49,31/10/2008 22:49,31/10/2008 22:49,-19.92027778,16.150555555555552,"https://maps.google.com/?q=-19.92027777777778,16.150555555555552",NA,G4       ,CUDDEBACK,NA,178,2,2,72,72,b'0200',b'\x01\x02\x03\x00',b'0100',1,1280,NA,1024,NA,NA,NA,NA,NA,NA,NA,NA
/Users/peter/Downloads/namibia-example-images,09.JPG,img,kudu,0.99996,FALSE,test_project,deploy_001,521,210,1111,941,2304,3072,31/10/2008 22:49,31/10/2008 22:49,31/10/2008 22:49,-19.92027778,16.150555555555552,"https://maps.google.com/?q=-19.92027777777778,16.150555555555552",NA,G4       ,CUDDEBACK,NA,178,2,2,72,72,b'0200',b'\x01\x02\x03\x00',b'0100',1,1280,NA,1024,NA,NA,NA,NA,NA,NA,NA,NA
/Users/peter/Downloads/namibia-example-images,09.JPG,img,gemsbok,0.94611,FALSE,test_project,deploy_001,1653,589,1834,749,2304,3072,31/10/2008 22:49,31/10/2008 22:49,31/10/2008 22:49,-19.92027778,16.150555555555552,"https://maps.google.com/?q=-19.92027777777778,16.150555555555552",NA,G4       ,CUDDEBACK,NA,178,2,2,72,72,b'0200',b'\x01\x02\x03\x00',b'0100',1,1280,NA,1024,NA,NA,NA,NA,NA,NA,NA,NA
/Users/peter/Downloads/namibia-example-images,09.JPG,img,kudu,0.98593,FALSE,test_project,deploy_001,1358,177,1617,876,2304,3072,31/10/2008 22:49,31/10/2008 22:49,31/10/2008 22:49,-19.92027778,16.150555555555552,"https://maps.google.com/?q=-19.92027777777778,16.150555555555552",NA,G4       ,CUDDEBACK,NA,178,2,2,72,72,b'0200',b'\x01\x02\x03\x00',b'0100',1,1280,NA,1024,NA,NA,NA,NA,NA,NA,NA,NA
/Users/peter/Downloads/namibia-example-images,09.JPG,img,kudu,0.99994,FALSE,test_project,deploy_001,0,232,583,1034,2304,3072,31/10/2008 22:49,31/10/2008 22:49,31/10/2008 22:49,-19.92027778,16.150555555555552,"https://maps.google.com/?q=-19.92027777777778,16.150555555555552",NA,G4       ,CUDDEBACK,NA,178,2,2,72,72,b'0200',b'\x01\x02\x03\x00',b'0100',1,1280,NA,1024,NA,NA,NA,NA,NA,NA,NA,NA
/Users/peter/Downloads/namibia-example-images,09.JPG,img,springbok,0.99973,FALSE,test_project,deploy_001,2323,356,2590,843,2304,3072,31/10/2008 22:49,31/10/2008 22:49,31/10/2008 22:49,-19.92027778,16.150555555555552,"https://maps.google.com/?q=-19.92027777777778,16.150555555555552",NA,G4       ,CUDDEBACK,NA,178,2,2,72,72,b'0200',b'\x01\x02\x03\x00',b'0100',1,1280,NA,1024,NA,NA,NA,NA,NA,NA,NA,NA
/Users/peter/Downloads/namibia-example-images,09.JPG,img,springbok,0.99997,FALSE,test_project,deploy_001,2524,391,2896,856,2304,3072,31/10/2008 22:49,31/10/2008 22:49,31/10/2008 22:49,-19.92027778,16.150555555555552,"https://maps.google.com/?q=-19.92027777777778,16.150555555555552",NA,G4       ,CUDDEBACK,NA,178,2,2,72,72,b'0200',b'\x01\x02\x03\x00',b'0100',1,1280,NA,1024,NA,NA,NA,NA,NA,NA,NA,NA
/Users/peter/Downloads/namibia-example-images,09.JPG,img,springbok,0.99998,FALSE,test_project,deploy_001,2714,334,3072,962,2304,3072,31/10/2008 22:49,31/10/2008 22:49,31/10/2008 22:49,-19.92027778,16.150555555555552,"https://maps.google.com/?q=-19.92027777777778,16.150555555555552",NA,G4       ,CUDDEBACK,NA,178,2,2,72,72,b'0200',b'\x01\x02\x03\x00',b'0100',1,1280,NA,1024,NA,NA,NA,NA,NA,NA,NA,NA
/Users/peter/Downloads/namibia-example-images,09.JPG,img,kudu,0.99876,FALSE,test_project,deploy_001,636,268,1775,1046,2304,3072,31/10/2008 22:49,31/10/2008 22:49,31/10/2008 22:49,-19.92027778,16.150555555555552,"https://maps.google.com/?q=-19.92027777777778,16.150555555555552",NA,G4       ,CUDDEBACK,NA,178,2,2,72,72,b'0200',b'\x01\x02\x03\x00',b'0100',1,1280,NA,1024,NA,NA,NA,NA,NA,NA,NA,NA
/Users/peter/Downloads/namibia-example-images,10.JPG,img,unidentified animal,0.886,FALSE,test_project,deploy_001,0,406,146,606,1024,1280,31/10/2008 22:49,31/10/2008 22:49,31/10/2008 22:49,-19.24555556,16.25777777777778,"https://maps.google.com/?q=-19.245555555555555,16.25777777777778",NA,G4       ,CUDDEBACK,NA,178,2,2,72,72,b'0200',b'\x01\x02\x03\x00',b'0100',1,1280,NA,1024,NA,NA,NA,NA,NA,NA,NA,NA
/Users/peter/Downloads/namibia-example-images,10.JPG,img,lion,1,FALSE,test_project,deploy_001,697,386,943,586,1024,1280,31/10/2008 22:49,31/10/2008 22:49,31/10/2008 22:49,-19.24555556,16.25777777777778,"https://maps.google.com/?q=-19.245555555555555,16.25777777777778",NA,G4       ,CUDDEBACK,NA,178,2,2,72,72,b'0200',b'\x01\x02\x03\x00',b'0100',1,1280,NA,1024,NA,NA,NA,NA,NA,NA,NA,NA
/Users/peter/Downloads/namibia-example-images,11.JPG,img,jackal,0.99998,FALSE,test_project,deploy_001,1749,540,2016,720,2448,3264,20/06/2012 04:01,20/06/2012 04:01,20/06/2012 04:01,-20.26083333,15.683055555555555,"https://maps.google.com/?q=-20.260833333333334,15.683055555555555",NA,WVL,Dig.Cam,7,215,2,2,72,72,b'0220',b'\x01\x02\x03\x00',b'0100',1,3264,100,2448,0,1,0,0.033333333,V097A05133,0,0,NA
/Users/peter/Downloads/namibia-example-images,11.JPG,img,spotted hyaena,1,FALSE,test_project,deploy_001,704,368,1229,758,2448,3264,20/06/2012 04:01,20/06/2012 04:01,20/06/2012 04:01,-20.26083333,15.683055555555555,"https://maps.google.com/?q=-20.260833333333334,15.683055555555555",NA,WVL,Dig.Cam,7,215,2,2,72,72,b'0220',b'\x01\x02\x03\x00',b'0100',1,3264,100,2448,0,1,0,0.033333333,V097A05133,0,0,NA
/Users/peter/Downloads/namibia-example-images,12.JPG,img,gemsbok,0.99876,FALSE,test_project,deploy_001,2898,719,3072,1004,2304,3072,13/05/2012 02:35,13/05/2012 02:35,13/05/2012 02:35,-19.52888889,15.989999999999998,"https://maps.google.com/?q=-19.528888888888886,15.989999999999998",NA,WVL,Dig.Cam,7,215,2,2,72,72,b'0220',b'\x01\x02\x03\x00',b'0100',1,3264,100,2448,0,1,0,0.033333333,V097A05133,0,0,NA
/Users/peter/Downloads/namibia-example-images,12.JPG,img,ostrich,0.99307,FALSE,test_project,deploy_001,68,883,652,1465,2304,3072,13/05/2012 02:35,13/05/2012 02:35,13/05/2012 02:35,-19.52888889,15.989999999999998,"https://maps.google.com/?q=-19.528888888888886,15.989999999999998",NA,WVL,Dig.Cam,7,215,2,2,72,72,b'0220',b'\x01\x02\x03\x00',b'0100',1,3264,100,2448,0,1,0,0.033333333,V097A05133,0,0,NA
/Users/peter/Downloads/namibia-example-images,12.JPG,img,ostrich,0.99998,FALSE,test_project,deploy_001,697,840,991,1332,2304,3072,13/05/2012 02:35,13/05/2012 02:35,13/05/2012 02:35,-19.52888889,15.989999999999998,"https://maps.google.com/?q=-19.528888888888886,15.989999999999998",NA,WVL,Dig.Cam,7,215,2,2,72,72,b'0220',b'\x01\x02\x03\x00',b'0100',1,3264,100,2448,0,1,0,0.033333333,V097A05133,0,0,NA
/Users/peter/Downloads/namibia-example-images,12.JPG,img,ostrich,0.99952,FALSE,test_project,deploy_001,0,0,982,1530,2304,3072,13/05/2012 02:35,13/05/2012 02:35,13/05/2012 02:35,-19.52888889,15.989999999999998,"https://maps.google.com/?q=-19.528888888888886,15.989999999999998",NA,WVL,Dig.Cam,7,215,2,2,72,72,b'0220',b'\x01\x02\x03\x00',b'0100',1,3264,100,2448,0,1,0,0.033333333,V097A05133,0,0,NA
/Users/peter/Downloads/namibia-example-images,12.JPG,img,ostrich,0.99994,FALSE,test_project,deploy_001,1240,896,1761,1511,2304,3072,13/05/2012 02:35,13/05/2012 02:35,13/05/2012 02:35,-19.52888889,15.989999999999998,"https://maps.google.com/?q=-19.528888888888886,15.989999999999998",NA,WVL,Dig.Cam,7,215,2,2,72,72,b'0220',b'\x01\x02\x03\x00',b'0100',1,3264,100,2448,0,1,0,0.033333333,V097A05133,0,0,NA
/Users/peter/Downloads/namibia-example-images,12.JPG,img,ostrich,0.99998,FALSE,test_project,deploy_001,1073,840,1357,1451,2304,3072,13/05/2012 02:35,13/05/2012 02:35,13/05/2012 02:35,-19.52888889,15.989999999999998,"https://maps.google.com/?q=-19.528888888888886,15.989999999999998",NA,WVL,Dig.Cam,7,215,2,2,72,72,b'0220',b'\x01\x02\x03\x00',b'0100',1,3264,100,2448,0,1,0,0.033333333,V097A05133,0,0,NA
/Users/peter/Downloads/namibia-example-images,12.JPG,img,gemsbok,0.9988,FALSE,test_project,deploy_001,2420,619,2727,1018,2304,3072,13/05/2012 02:35,13/05/2012 02:35,13/05/2012 02:35,-19.52888889,15.989999999999998,"https://maps.google.com/?q=-19.528888888888886,15.989999999999998",NA,WVL,Dig.Cam,7,215,2,2,72,72,b'0220',b'\x01\x02\x03\x00',b'0100',1,3264,100,2448,0,1,0,0.033333333,V097A05133,0,0,NA
/Users/peter/Downloads/namibia-example-images,12.JPG,img,gemsbok,0.99882,FALSE,test_project,deploy_001,2331,114,2951,1034,2304,3072,13/05/2012 02:35,13/05/2012 02:35,13/05/2012 02:35,-19.52888889,15.989999999999998,"https://maps.google.com/?q=-19.528888888888886,15.989999999999998",NA,WVL,Dig.Cam,7,215,2,2,72,72,b'0220',b'\x01\x02\x03\x00',b'0100',1,3264,100,2448,0,1,0,0.033333333,V097A05133,0,0,NA
/Users/peter/Downloads/namibia-example-images,12.JPG,img,gemsbok,0.8545,FALSE,test_project,deploy_001,1789,492,2187,1018,2304,3072,13/05/2012 02:35,13/05/2012 02:35,13/05/2012 02:35,-19.52888889,15.989999999999998,"https://maps.google.com/?q=-19.528888888888886,15.989999999999998",NA,WVL,Dig.Cam,7,215,2,2,72,72,b'0220',b'\x01\x02\x03\x00',b'0100',1,3264,100,2448,0,1,0,0.033333333,V097A05133,0,0,NA
/Users/peter/Downloads/namibia-example-images,13.JPG,img,porcupine,1,FALSE,test_project,deploy_001,863,1145,1776,1799,1944,2592,01/02/2012 02:40,01/02/2012 02:40,01/02/2012 02:40,-20.3625,16.759444444444444,"https://maps.google.com/?q=-20.3625,16.759444444444444",NA,,,0,267,2,2,96,96,b'0210',b'\x01\x02\x03\x00',b'0100',1,2592,100,1944,NA,NA,NA,0,BS680BWNx0202,NA,NA,NA
/Users/peter/Downloads/namibia-example-images,14.JPG,img,gemsbok,0.61758,FALSE,test_project,deploy_002,46,702,205,857,2304,3072,24/11/2015 13:17,24/11/2015 13:17,24/11/2015 13:17,-19.8125,14.696944444444444,"https://maps.google.com/?q=-19.8125,14.696944444444444",NA,Leupold,RCX-1,0,267,2,2,96,96,b'0220',b'\x01\x02\x03\x00',b'0100',1,3264,50,2448,0,0,NA,0.000223015,3.e.b.c,NA,NA,NA
/Users/peter/Downloads/namibia-example-images,14.JPG,img,springbok,0.99991,FALSE,test_project,deploy_002,390,653,916,1259,2304,3072,24/11/2015 13:17,24/11/2015 13:17,24/11/2015 13:17,-19.8125,14.696944444444444,"https://maps.google.com/?q=-19.8125,14.696944444444444",NA,Leupold,RCX-1,0,267,2,2,96,96,b'0220',b'\x01\x02\x03\x00',b'0100',1,3264,50,2448,0,0,NA,0.000223015,3.e.b.c,NA,NA,NA
/Users/peter/Downloads/namibia-example-images,14.JPG,img,springbok,0.99979,FALSE,test_project,deploy_002,2714,396,2956,975,2304,3072,24/11/2015 13:17,24/11/2015 13:17,24/11/2015 13:17,-19.8125,14.696944444444444,"https://maps.google.com/?q=-19.8125,14.696944444444444",NA,Leupold,RCX-1,0,267,2,2,96,96,b'0220',b'\x01\x02\x03\x00',b'0100',1,3264,50,2448,0,0,NA,0.000223015,3.e.b.c,NA,NA,NA
/Users/peter/Downloads/namibia-example-images,14.JPG,img,springbok,0.99998,FALSE,test_project,deploy_002,769,700,1123,1227,2304,3072,24/11/2015 13:17,24/11/2015 13:17,24/11/2015 13:17,-19.8125,14.696944444444444,"https://maps.google.com/?q=-19.8125,14.696944444444444",NA,Leupold,RCX-1,0,267,2,2,96,96,b'0220',b'\x01\x02\x03\x00',b'0100',1,3264,50,2448,0,0,NA,0.000223015,3.e.b.c,NA,NA,NA
/Users/peter/Downloads/namibia-example-images,14.JPG,img,springbok,0.99533,FALSE,test_project,deploy_002,2727,267,3072,1434,2304,3072,24/11/2015 13:17,24/11/2015 13:17,24/11/2015 13:17,-19.8125,14.696944444444444,"https://maps.google.com/?q=-19.8125,14.696944444444444",NA,Leupold,RCX-1,0,267,2,2,96,96,b'0220',b'\x01\x02\x03\x00',b'0100',1,3264,50,2448,0,0,NA,0.000223015,3.e.b.c,NA,NA,NA
/Users/peter/Downloads/namibia-example-images,14.JPG,img,ostrich,0.57961,FALSE,test_project,deploy_002,1195,734,1299,963,2304,3072,24/11/2015 13:17,24/11/2015 13:17,24/11/2015 13:17,-19.8125,14.696944444444444,"https://maps.google.com/?q=-19.8125,14.696944444444444",NA,Leupold,RCX-1,0,267,2,2,96,96,b'0220',b'\x01\x02\x03\x00',b'0100',1,3264,50,2448,0,0,NA,0.000223015,3.e.b.c,NA,NA,NA
/Users/peter/Downloads/namibia-example-images,14.JPG,img,springbok,0.9999,FALSE,test_project,deploy_002,126,677,1041,1417,2304,3072,24/11/2015 13:17,24/11/2015 13:17,24/11/2015 13:17,-19.8125,14.696944444444444,"https://maps.google.com/?q=-19.8125,14.696944444444444",NA,Leupold,RCX-1,0,267,2,2,96,96,b'0220',b'\x01\x02\x03\x00',b'0100',1,3264,50,2448,0,0,NA,0.000223015,3.e.b.c,NA,NA,NA
/Users/peter/Downloads/namibia-example-images,14.JPG,img,springbok,0.89176,FALSE,test_project,deploy_002,2025,671,2210,980,2304,3072,24/11/2015 13:17,24/11/2015 13:17,24/11/2015 13:17,-19.8125,14.696944444444444,"https://maps.google.com/?q=-19.8125,14.696944444444444",NA,Leupold,RCX-1,0,267,2,2,96,96,b'0220',b'\x01\x02\x03\x00',b'0100',1,3264,50,2448,0,0,NA,0.000223015,3.e.b.c,NA,NA,NA
/Users/peter/Downloads/namibia-example-images,14.JPG,img,springbok,0.99923,FALSE,test_project,deploy_002,1419,602,1796,1421,2304,3072,24/11/2015 13:17,24/11/2015 13:17,24/11/2015 13:17,-19.8125,14.696944444444444,"https://maps.google.com/?q=-19.8125,14.696944444444444",NA,Leupold,RCX-1,0,267,2,2,96,96,b'0220',b'\x01\x02\x03\x00',b'0100',1,3264,50,2448,0,0,NA,0.000223015,3.e.b.c,NA,NA,NA
/Users/peter/Downloads/namibia-example-images,14.JPG,img,springbok,0.97607,FALSE,test_project,deploy_002,2192,541,2712,971,2304,3072,24/11/2015 13:17,24/11/2015 13:17,24/11/2015 13:17,-19.8125,14.696944444444444,"https://maps.google.com/?q=-19.8125,14.696944444444444",NA,Leupold,RCX-1,0,267,2,2,96,96,b'0220',b'\x01\x02\x03\x00',b'0100',1,3264,50,2448,0,0,NA,0.000223015,3.e.b.c,NA,NA,NA
/Users/peter/Downloads/namibia-example-images,15.JPG,img,zebra,0.99997,FALSE,test_project,deploy_002,1414,143,2242,787,2304,3072,31/10/2008 22:47,31/10/2008 22:47,31/10/2008 22:47,-20.47027778,14.951666666666666,"https://maps.google.com/?q=-20.470277777777778,14.951666666666666",NA,G4       ,CUDDEBACK,NA,178,2,2,72,72,b'0200',b'\x01\x02\x03\x00',b'0100',1,1280,NA,1024,NA,NA,NA,NA,NA,NA,NA,NA
/Users/peter/Downloads/namibia-example-images,15.JPG,img,zebra,0.99999,FALSE,test_project,deploy_002,2679,66,3072,963,2304,3072,31/10/2008 22:47,31/10/2008 22:47,31/10/2008 22:47,-20.47027778,14.951666666666666,"https://maps.google.com/?q=-20.470277777777778,14.951666666666666",NA,G4       ,CUDDEBACK,NA,178,2,2,72,72,b'0200',b'\x01\x02\x03\x00',b'0100',1,1280,NA,1024,NA,NA,NA,NA,NA,NA,NA,NA
/Users/peter/Downloads/namibia-example-images,15.JPG,img,springbok,0.9652,FALSE,test_project,deploy_002,1,354,1438,1572,2304,3072,31/10/2008 22:47,31/10/2008 22:47,31/10/2008 22:47,-20.47027778,14.951666666666666,"https://maps.google.com/?q=-20.470277777777778,14.951666666666666",NA,G4       ,CUDDEBACK,NA,178,2,2,72,72,b'0200',b'\x01\x02\x03\x00',b'0100',1,1280,NA,1024,NA,NA,NA,NA,NA,NA,NA,NA
/Users/peter/Downloads/namibia-example-images,15.JPG,img,zebra,1,FALSE,test_project,deploy_002,2086,201,2571,847,2304,3072,31/10/2008 22:47,31/10/2008 22:47,31/10/2008 22:47,-20.47027778,14.951666666666666,"https://maps.google.com/?q=-20.470277777777778,14.951666666666666",NA,G4       ,CUDDEBACK,NA,178,2,2,72,72,b'0200',b'\x01\x02\x03\x00',b'0100',1,1280,NA,1024,NA,NA,NA,NA,NA,NA,NA,NA
/Users/peter/Downloads/namibia-example-images,15.JPG,img,zebra,0.99997,FALSE,test_project,deploy_002,1133,40,2002,835,2304,3072,31/10/2008 22:47,31/10/2008 22:47,31/10/2008 22:47,-20.47027778,14.951666666666666,"https://maps.google.com/?q=-20.470277777777778,14.951666666666666",NA,G4       ,CUDDEBACK,NA,178,2,2,72,72,b'0200',b'\x01\x02\x03\x00',b'0100',1,1280,NA,1024,NA,NA,NA,NA,NA,NA,NA,NA
/Users/peter/Downloads/namibia-example-images,16.JPG,img,gemsbok,0.80665,FALSE,test_project,deploy_002,3218,131,3264,307,2448,3264,13/09/2015 13:35,13/09/2015 13:35,13/09/2015 13:35,-19.28027778,16.427222222222223,"https://maps.google.com/?q=-19.280277777777776,16.427222222222223",NA,,,0,272,2,2,96,96,b'0210',b'\x01\x02\x03\x00',b'0100',1,3264,100,2448,NA,NA,NA,0,BS680BWNx0202,NA,NA,NA
/Users/peter/Downloads/namibia-example-images,16.JPG,img,unidentified animal,0.83,FALSE,test_project,deploy_002,0,1150,211,1421,2448,3264,13/09/2015 13:35,13/09/2015 13:35,13/09/2015 13:35,-19.28027778,16.427222222222223,"https://maps.google.com/?q=-19.280277777777776,16.427222222222223",NA,,,0,272,2,2,96,96,b'0210',b'\x01\x02\x03\x00',b'0100',1,3264,100,2448,NA,NA,NA,0,BS680BWNx0202,NA,NA,NA
/Users/peter/Downloads/namibia-example-images,16.JPG,img,unidentified animal,0.904,FALSE,test_project,deploy_002,13,912,425,1277,2448,3264,13/09/2015 13:35,13/09/2015 13:35,13/09/2015 13:35,-19.28027778,16.427222222222223,"https://maps.google.com/?q=-19.280277777777776,16.427222222222223",NA,,,0,272,2,2,96,96,b'0210',b'\x01\x02\x03\x00',b'0100',1,3264,100,2448,NA,NA,NA,0,BS680BWNx0202,NA,NA,NA
/Users/peter/Downloads/namibia-example-images,17.JPG,img,steenbok,1,FALSE,test_project,deploy_002,1637,911,2030,1263,1944,2592,11/07/2012 01:02,11/07/2012 01:02,11/07/2012 01:02,-20.345,15.370555555555557,"https://maps.google.com/?q=-20.345,15.370555555555557",NA,,,0,268,2,2,96,96,b'0210',b'\x01\x02\x03\x00',b'0100',1,2592,100,1944,NA,NA,NA,0,BS680BWNx0202,NA,NA,NA
/Users/peter/Downloads/namibia-example-images,18.JPG,img,lion,1,FALSE,test_project,deploy_002,775,347,1104,592,1024,1280,31/10/2008 22:49,31/10/2008 22:49,31/10/2008 22:49,-20.65527778,15.981944444444444,"https://maps.google.com/?q=-20.655277777777776,15.981944444444444",NA,G4       ,CUDDEBACK,NA,178,2,2,72,72,b'0200',b'\x01\x02\x03\x00',b'0100',1,1280,NA,1024,NA,NA,NA,NA,NA,NA,NA,NA
/Users/peter/Downloads/namibia-example-images,18.JPG,img,lion,0.99986,FALSE,test_project,deploy_002,338,279,797,653,1024,1280,31/10/2008 22:49,31/10/2008 22:49,31/10/2008 22:49,-20.65527778,15.981944444444444,"https://maps.google.com/?q=-20.655277777777776,15.981944444444444",NA,G4       ,CUDDEBACK,NA,178,2,2,72,72,b'0200',b'\x01\x02\x03\x00',b'0100',1,1280,NA,1024,NA,NA,NA,NA,NA,NA,NA,NA
/Users/peter/Downloads/namibia-example-images,19.JPG,img,giraffe,1,FALSE,test_project,deploy_002,1435,0,2362,1340,1944,2592,12/07/2012 10:49,12/07/2012 10:49,12/07/2012 10:49,-19.49,15.346388888888889,"https://maps.google.com/?q=-19.490000000000002,15.346388888888889",NA,,,0,272,2,2,96,96,b'0210',b'\x01\x02\x03\x00',b'0100',1,2592,100,1944,NA,NA,NA,0,BS680BWNx0202,NA,NA,NA
/Users/peter/Downloads/namibia-example-images,20.JPG,img,ostrich,0.8274,FALSE,test_project,deploy_002,2137,1244,2161,1296,2448,3264,24/11/2015 13:17,24/11/2015 13:17,24/11/2015 13:17,-20.19888889,14.145277777777777,"https://maps.google.com/?q=-20.198888888888888,14.145277777777777",NA,Leupold,RCX-1,0,267,2,2,96,96,b'0220',b'\x01\x02\x03\x00',b'0100',1,3264,50,2448,0,0,NA,0.000223015,3.e.b.c,NA,NA,NA
/Users/peter/Downloads/namibia-example-images,20.JPG,img,ostrich,0.57164,FALSE,test_project,deploy_002,2079,1251,2104,1302,2448,3264,24/11/2015 13:17,24/11/2015 13:17,24/11/2015 13:17,-20.19888889,14.145277777777777,"https://maps.google.com/?q=-20.198888888888888,14.145277777777777",NA,Leupold,RCX-1,0,267,2,2,96,96,b'0220',b'\x01\x02\x03\x00',b'0100',1,3264,50,2448,0,0,NA,0.000223015,3.e.b.c,NA,NA,NA
/Users/peter/Downloads/namibia-example-images,20.JPG,img,gemsbok,0.66673,FALSE,test_project,deploy_002,2043,1244,2068,1306,2448,3264,24/11/2015 13:17,24/11/2015 13:17,24/11/2015 13:17,-20.19888889,14.145277777777777,"https://maps.google.com/?q=-20.198888888888888,14.145277777777777",NA,Leupold,RCX-1,0,267,2,2,96,96,b'0220',b'\x01\x02\x03\x00',b'0100',1,3264,50,2448,0,0,NA,0.000223015,3.e.b.c,NA,NA,NA
/Users/peter/Downloads/namibia-example-images,20.JPG,img,ostrich,0.99999,FALSE,test_project,deploy_002,523,1185,949,1559,2448,3264,24/11/2015 13:17,24/11/2015 13:17,24/11/2015 13:17,-20.19888889,14.145277777777777,"https://maps.google.com/?q=-20.198888888888888,14.145277777777777",NA,Leupold,RCX-1,0,267,2,2,96,96,b'0220',b'\x01\x02\x03\x00',b'0100',1,3264,50,2448,0,0,NA,0.000223015,3.e.b.c,NA,NA,NA
/Users/peter/Downloads/namibia-example-images,20.JPG,img,gemsbok,0.96766,FALSE,test_project,deploy_002,1738,1090,1970,1313,2448,3264,24/11/2015 13:17,24/11/2015 13:17,24/11/2015 13:17,-20.19888889,14.145277777777777,"https://maps.google.com/?q=-20.198888888888888,14.145277777777777",NA,Leupold,RCX-1,0,267,2,2,96,96,b'0220',b'\x01\x02\x03\x00',b'0100',1,3264,50,2448,0,0,NA,0.000223015,3.e.b.c,NA,NA,NA
/Users/peter/Downloads/namibia-example-images,20.JPG,img,ostrich,1,FALSE,test_project,deploy_002,464,942,814,1593,2448,3264,24/11/2015 13:17,24/11/2015 13:17,24/11/2015 13:17,-20.19888889,14.145277777777777,"https://maps.google.com/?q=-20.198888888888888,14.145277777777777",NA,Leupold,RCX-1,0,267,2,2,96,96,b'0220',b'\x01\x02\x03\x00',b'0100',1,3264,50,2448,0,0,NA,0.000223015,3.e.b.c,NA,NA,NA
/Users/peter/Downloads/namibia-example-images,20.JPG,img,ostrich,0.99998,FALSE,test_project,deploy_002,911,1169,1378,1566,2448,3264,24/11/2015 13:17,24/11/2015 13:17,24/11/2015 13:17,-20.19888889,14.145277777777777,"https://maps.google.com/?q=-20.198888888888888,14.145277777777777",NA,Leupold,RCX-1,0,267,2,2,96,96,b'0220',b'\x01\x02\x03\x00',b'0100',1,3264,50,2448,0,0,NA,0.000223015,3.e.b.c,NA,NA,NA
/Users/peter/Downloads/namibia-example-images,21.JPG,img,steenbok,1,FALSE,test_project,deploy_002,1348,920,1766,1287,1944,2592,11/07/2012 01:02,11/07/2012 01:02,11/07/2012 01:02,-20.04333333,14.496388888888887,"https://maps.google.com/?q=-20.043333333333337,14.496388888888887",NA,,,0,268,2,2,96,96,b'0210',b'\x01\x02\x03\x00',b'0100',1,2592,100,1944,NA,NA,NA,0,BS680BWNx0202,NA,NA,NA
/Users/peter/Downloads/namibia-example-images,22.JPG,img,springbok,0.97527,FALSE,test_project,deploy_002,1913,398,2033,585,1944,2592,20/03/2013 17:15,20/03/2013 17:15,20/03/2013 17:15,-20.74916667,15.092777777777778,"https://maps.google.com/?q=-20.749166666666667,15.092777777777778",NA,,,0,272,2,2,96,96,b'0210',b'\x01\x02\x03\x00',b'0100',1,2592,100,1944,NA,NA,NA,0,BS680BWNx0202,NA,NA,NA
/Users/peter/Downloads/namibia-example-images,22.JPG,img,gemsbok,0.99978,FALSE,test_project,deploy_002,891,217,1124,822,1944,2592,20/03/2013 17:15,20/03/2013 17:15,20/03/2013 17:15,-20.74916667,15.092777777777778,"https://maps.google.com/?q=-20.749166666666667,15.092777777777778",NA,,,0,272,2,2,96,96,b'0210',b'\x01\x02\x03\x00',b'0100',1,2592,100,1944,NA,NA,NA,0,BS680BWNx0202,NA,NA,NA
/Users/peter/Downloads/namibia-example-images,22.JPG,img,gemsbok,1,FALSE,test_project,deploy_002,0,269,734,1038,1944,2592,20/03/2013 17:15,20/03/2013 17:15,20/03/2013 17:15,-20.74916667,15.092777777777778,"https://maps.google.com/?q=-20.749166666666667,15.092777777777778",NA,,,0,272,2,2,96,96,b'0210',b'\x01\x02\x03\x00',b'0100',1,2592,100,1944,NA,NA,NA,0,BS680BWNx0202,NA,NA,NA
/Users/peter/Downloads/namibia-example-images,23.JPG,img,lion,1,FALSE,test_project,deploy_002,549,400,908,583,1024,1280,31/10/2008 22:47,31/10/2008 22:47,31/10/2008 22:47,-20.2575,15.377500000000001,"https://maps.google.com/?q=-20.2575,15.377500000000001",NA,G4       ,CUDDEBACK,NA,178,2,2,72,72,b'0200',b'\x01\x02\x03\x00',b'0100',1,1280,NA,1024,NA,NA,NA,NA,NA,NA,NA,NA
/Users/peter/Downloads/namibia-example-images,24.JPG,img,brown hyaena,1,FALSE,test_project,deploy_002,2739,584,3264,954,2448,3264,13/05/2012 02:35,13/05/2012 02:35,13/05/2012 02:35,-19.84055556,16.144166666666667,"https://maps.google.com/?q=-19.840555555555554,16.144166666666667",NA,WVL,Dig.Cam,7,215,2,2,72,72,b'0220',b'\x01\x02\x03\x00',b'0100',1,3264,100,2448,0,1,0,0.033333333,V097A05133,0,0,NA
/Users/peter/Downloads/namibia-example-images,24.JPG,img,jackal,0.99985,FALSE,test_project,deploy_002,1727,764,2153,1061,2448,3264,13/05/2012 02:35,13/05/2012 02:35,13/05/2012 02:35,-19.84055556,16.144166666666667,"https://maps.google.com/?q=-19.840555555555554,16.144166666666667",NA,WVL,Dig.Cam,7,215,2,2,72,72,b'0220',b'\x01\x02\x03\x00',b'0100',1,3264,100,2448,0,1,0,0.033333333,V097A05133,0,0,NA
/Users/peter/Downloads/namibia-example-images,25.JPG,img,giraffe,1,FALSE,test_project,deploy_002,28,1,978,1298,2448,3264,23/07/2013 12:35,23/07/2013 12:35,23/07/2013 12:35,-20.13777778,14.235833333333332,"https://maps.google.com/?q=-20.137777777777778,14.235833333333332",NA,,,0,272,2,2,96,96,b'0210',b'\x01\x02\x03\x00',b'0100',1,3264,100,2448,NA,NA,NA,0,4680BW0Lx0200,NA,NA,NA
/Users/peter/Downloads/namibia-example-images,25.JPG,img,ostrich,0.91336,FALSE,test_project,deploy_002,2581,723,2959,1367,2448,3264,23/07/2013 12:35,23/07/2013 12:35,23/07/2013 12:35,-20.13777778,14.235833333333332,"https://maps.google.com/?q=-20.137777777777778,14.235833333333332",NA,,,0,272,2,2,96,96,b'0210',b'\x01\x02\x03\x00',b'0100',1,3264,100,2448,NA,NA,NA,0,4680BW0Lx0200,NA,NA,NA
/Users/peter/Downloads/namibia-example-images,25.JPG,img,ostrich,0.97955,FALSE,test_project,deploy_002,2041,621,2660,1378,2448,3264,23/07/2013 12:35,23/07/2013 12:35,23/07/2013 12:35,-20.13777778,14.235833333333332,"https://maps.google.com/?q=-20.137777777777778,14.235833333333332",NA,,,0,272,2,2,96,96,b'0210',b'\x01\x02\x03\x00',b'0100',1,3264,100,2448,NA,NA,NA,0,4680BW0Lx0200,NA,NA,NA